ytId,Q,clipname,ytTitle
1EDThWjNxOI,2,Q2_1EDThWjNxOI_0.mp3,여자친구 (GFriend) - 여름비 (Summer Rain) Piano Cover
1EDThWjNxOI,2,Q2_1EDThWjNxOI_1.mp3,여자친구 (GFriend) - 여름비 (Summer Rain) Piano Cover
1fdxsFbnsX4,4,Q4_1fdxsFbnsX4_0.mp3,Arden Forest - Kiriume
1fdxsFbnsX4,4,Q4_1fdxsFbnsX4_1.mp3,Arden Forest - Kiriume
1Qc15G0ZHIg,1,Q1_1Qc15G0ZHIg_1.mp3,最好的結局 鋼琴版 (主唱: 八三夭 )
1Qc15G0ZHIg,1,Q1_1Qc15G0ZHIg_2.mp3,最好的結局 鋼琴版 (主唱: 八三夭 )
1Qc15G0ZHIg,1,Q1_1Qc15G0ZHIg_3.mp3,最好的結局 鋼琴版 (主唱: 八三夭 )
1Qc15G0ZHIg,4,Q4_1Qc15G0ZHIg_0.mp3,最好的結局 鋼琴版 (主唱: 八三夭 )
1vjy9oMFa8c,1,Q1_1vjy9oMFa8c_2.mp3,Worthy of it all / 祢配得全所有 - piano cover / 鋼琴演奏
1vjy9oMFa8c,1,Q1_1vjy9oMFa8c_4.mp3,Worthy of it all / 祢配得全所有 - piano cover / 鋼琴演奏
1vjy9oMFa8c,1,Q1_1vjy9oMFa8c_5.mp3,Worthy of it all / 祢配得全所有 - piano cover / 鋼琴演奏
1vjy9oMFa8c,4,Q4_1vjy9oMFa8c_0.mp3,Worthy of it all / 祢配得全所有 - piano cover / 鋼琴演奏
1vjy9oMFa8c,4,Q4_1vjy9oMFa8c_1.mp3,Worthy of it all / 祢配得全所有 - piano cover / 鋼琴演奏
2w5XkAt_3WU,4,Q4_2w5XkAt_3WU_0.mp3,Eden
2Z9SjI131jA,1,Q1_2Z9SjI131jA_0.mp3,[1시간] 기분 좋아지는 귀여운 음악 / 들으면 설레는 피아노 연주곡 / Cute Piano / Feel Good Piano
2Z9SjI131jA,1,Q1_2Z9SjI131jA_1.mp3,[1시간] 기분 좋아지는 귀여운 음악 / 들으면 설레는 피아노 연주곡 / Cute Piano / Feel Good Piano
2Z9SjI131jA,1,Q1_2Z9SjI131jA_10.mp3,[1시간] 기분 좋아지는 귀여운 음악 / 들으면 설레는 피아노 연주곡 / Cute Piano / Feel Good Piano
2Z9SjI131jA,1,Q1_2Z9SjI131jA_11.mp3,[1시간] 기분 좋아지는 귀여운 음악 / 들으면 설레는 피아노 연주곡 / Cute Piano / Feel Good Piano
2Z9SjI131jA,1,Q1_2Z9SjI131jA_12.mp3,[1시간] 기분 좋아지는 귀여운 음악 / 들으면 설레는 피아노 연주곡 / Cute Piano / Feel Good Piano
3ahg_eQZhxs,1,Q1_3ahg_eQZhxs_0.mp3,CAN YOU FEEL THE LOVE TONIGHT - The Lion King (Piano Cover) | Costantino Carrara
3ahg_eQZhxs,1,Q1_3ahg_eQZhxs_1.mp3,CAN YOU FEEL THE LOVE TONIGHT - The Lion King (Piano Cover) | Costantino Carrara
3N2G21U7guk,1,Q1_3N2G21U7guk_3.mp3,"""King of Kings"" - Hillsong (Piano Cover)"
3N2G21U7guk,1,Q1_3N2G21U7guk_5.mp3,"""King of Kings"" - Hillsong (Piano Cover)"
3N2G21U7guk,1,Q1_3N2G21U7guk_6.mp3,"""King of Kings"" - Hillsong (Piano Cover)"
3N2G21U7guk,4,Q4_3N2G21U7guk_0.mp3,"""King of Kings"" - Hillsong (Piano Cover)"
3N2G21U7guk,4,Q4_3N2G21U7guk_1.mp3,"""King of Kings"" - Hillsong (Piano Cover)"
4ydjOX3pWds,1,Q1_4ydjOX3pWds_0.mp3,The Script - Hall of Fame feat. Will.i.am | Piano Cover + Sheet Music
4ydjOX3pWds,1,Q1_4ydjOX3pWds_1.mp3,The Script - Hall of Fame feat. Will.i.am | Piano Cover + Sheet Music
5Ju9q1N2x0E,1,Q1_5Ju9q1N2x0E_2.mp3,"""Waymaker"" - (Piano Cover)"
5Ju9q1N2x0E,4,Q4_5Ju9q1N2x0E_0.mp3,"""Waymaker"" - (Piano Cover)"
5Ju9q1N2x0E,4,Q4_5Ju9q1N2x0E_1.mp3,"""Waymaker"" - (Piano Cover)"
6kRPHamGDSo,1,Q1_6kRPHamGDSo_0.mp3,Camila Cabello - Havana | Piano Cover + Sheet Music
6kRPHamGDSo,1,Q1_6kRPHamGDSo_1.mp3,Camila Cabello - Havana | Piano Cover + Sheet Music
6kRPHamGDSo,1,Q1_6kRPHamGDSo_3.mp3,Camila Cabello - Havana | Piano Cover + Sheet Music
6kRPHamGDSo,4,Q4_6kRPHamGDSo_2.mp3,Camila Cabello - Havana | Piano Cover + Sheet Music
6Uf9XBUD3wE,1,Q1_6Uf9XBUD3wE_0.mp3,GOOD GRACE | Piano Instrumental with Lyrics | Hillsong United
6Uf9XBUD3wE,1,Q1_6Uf9XBUD3wE_1.mp3,GOOD GRACE | Piano Instrumental with Lyrics | Hillsong United
6wFJhmhNeeg,1,Q1_6wFJhmhNeeg_0.mp3,"""Something Just Like This"" - The Chainsmokers & Coldplay (Piano Cover) - Costantino Carrara"
7yW9c7t8Hq0,1,Q1_7yW9c7t8Hq0_1.mp3,Queen - Don't Stop Me Now | Piano Cover + Sheet Music
7yW9c7t8Hq0,1,Q1_7yW9c7t8Hq0_2.mp3,Queen - Don't Stop Me Now | Piano Cover + Sheet Music
7yW9c7t8Hq0,1,Q1_7yW9c7t8Hq0_3.mp3,Queen - Don't Stop Me Now | Piano Cover + Sheet Music
7yW9c7t8Hq0,4,Q4_7yW9c7t8Hq0_0.mp3,Queen - Don't Stop Me Now | Piano Cover + Sheet Music
8izVTDgBQPc,1,Q1_8izVTDgBQPc_0.mp3,KING OF KINGS | Piano Instrumental with Lyrics | Hillsong Worship Cover
8izVTDgBQPc,1,Q1_8izVTDgBQPc_1.mp3,KING OF KINGS | Piano Instrumental with Lyrics | Hillsong Worship Cover
8rupdevqfuI,1,Q1_8rupdevqfuI_0.mp3,C Sharp Major / Free solo - Personal Worship
8rupdevqfuI,1,Q1_8rupdevqfuI_1.mp3,C Sharp Major / Free solo - Personal Worship
8rupdevqfuI,1,Q1_8rupdevqfuI_2.mp3,C Sharp Major / Free solo - Personal Worship
9v2WSpn4FCw,1,Q1_9v2WSpn4FCw_0.mp3,Captain America Evolution Epic Piano Mashup/Medley (Piano Cover)+SHEETS&MIDI
9v2WSpn4FCw,1,Q1_9v2WSpn4FCw_1.mp3,Captain America Evolution Epic Piano Mashup/Medley (Piano Cover)+SHEETS&MIDI
9v2WSpn4FCw,1,Q1_9v2WSpn4FCw_10.mp3,Captain America Evolution Epic Piano Mashup/Medley (Piano Cover)+SHEETS&MIDI
9v2WSpn4FCw,1,Q1_9v2WSpn4FCw_2.mp3,Captain America Evolution Epic Piano Mashup/Medley (Piano Cover)+SHEETS&MIDI
9v2WSpn4FCw,2,Q2_9v2WSpn4FCw_3.mp3,Captain America Evolution Epic Piano Mashup/Medley (Piano Cover)+SHEETS&MIDI
ANZf1QXsNrY,1,Q1_ANZf1QXsNrY_0.mp3,Queen - The Piano Medley | Costantino Carrara
ANZf1QXsNrY,1,Q1_ANZf1QXsNrY_1.mp3,Queen - The Piano Medley | Costantino Carrara
ANZf1QXsNrY,1,Q1_ANZf1QXsNrY_2.mp3,Queen - The Piano Medley | Costantino Carrara
ANZf1QXsNrY,1,Q1_ANZf1QXsNrY_3.mp3,Queen - The Piano Medley | Costantino Carrara
ANZf1QXsNrY,1,Q1_ANZf1QXsNrY_4.mp3,Queen - The Piano Medley | Costantino Carrara
aYe-2Glruu4,1,Q1_aYe-2Glruu4_0.mp3,A Cruel Angel's Thesis - Neon Genesis Evangelion OP [Piano]
aYe-2Glruu4,1,Q1_aYe-2Glruu4_1.mp3,A Cruel Angel's Thesis - Neon Genesis Evangelion OP [Piano]
aYe-2Glruu4,1,Q1_aYe-2Glruu4_3.mp3,A Cruel Angel's Thesis - Neon Genesis Evangelion OP [Piano]
aYe-2Glruu4,1,Q1_aYe-2Glruu4_4.mp3,A Cruel Angel's Thesis - Neon Genesis Evangelion OP [Piano]
aYe-2Glruu4,2,Q2_aYe-2Glruu4_2.mp3,A Cruel Angel's Thesis - Neon Genesis Evangelion OP [Piano]
BGf5nCdzPOc,1,Q1_BGf5nCdzPOc_0.mp3,翻转地球 Change the world （piano cover by Eugenia）
BGf5nCdzPOc,1,Q1_BGf5nCdzPOc_1.mp3,翻转地球 Change the world （piano cover by Eugenia）
biROWEwkDQQ,1,Q1_biROWEwkDQQ_3.mp3,We long to see / 我渴望看見 - piano cover / 鋼琴演奏
biROWEwkDQQ,4,Q4_biROWEwkDQQ_0.mp3,We long to see / 我渴望看見 - piano cover / 鋼琴演奏
biROWEwkDQQ,4,Q4_biROWEwkDQQ_1.mp3,We long to see / 我渴望看見 - piano cover / 鋼琴演奏
biROWEwkDQQ,4,Q4_biROWEwkDQQ_2.mp3,We long to see / 我渴望看見 - piano cover / 鋼琴演奏
bIx4DwkZxFY,1,Q1_bIx4DwkZxFY_0.mp3,봄에 듣기 좋은 가요 피아노 커버 모음 | Sweet & Happy Spring Kpop Piano
bIx4DwkZxFY,1,Q1_bIx4DwkZxFY_1.mp3,봄에 듣기 좋은 가요 피아노 커버 모음 | Sweet & Happy Spring Kpop Piano
bIx4DwkZxFY,1,Q1_bIx4DwkZxFY_2.mp3,봄에 듣기 좋은 가요 피아노 커버 모음 | Sweet & Happy Spring Kpop Piano
bQS8eAXAhyE,1,Q1_bQS8eAXAhyE_0.mp3,Children
bQS8eAXAhyE,1,Q1_bQS8eAXAhyE_1.mp3,Children
bQS8eAXAhyE,1,Q1_bQS8eAXAhyE_2.mp3,Children
cB-Xh8H_7-Q,1,Q1_cB-Xh8H_7-Q_0.mp3,THE PASSION - Piano Instrumental with Lyrics - Hillsong Worship - THERE IS MORE
Cg2u_Ldjv8g,1,Q1_Cg2u_Ldjv8g_0.mp3,Just Passing By
Cg2u_Ldjv8g,1,Q1_Cg2u_Ldjv8g_1.mp3,Just Passing By
dfNdpy8TUzA,1,Q1_dfNdpy8TUzA_0.mp3,레드벨벳 (Red Velvet) - 피카부 (Peek-A-Boo) Piano Cover
dfNdpy8TUzA,1,Q1_dfNdpy8TUzA_1.mp3,레드벨벳 (Red Velvet) - 피카부 (Peek-A-Boo) Piano Cover
dfNdpy8TUzA,1,Q1_dfNdpy8TUzA_2.mp3,레드벨벳 (Red Velvet) - 피카부 (Peek-A-Boo) Piano Cover
doM_LWo-74A,1,Q1_doM_LWo-74A_0.mp3,ABBA - Dancing Queen | Piano Cover + Sheet Music
doM_LWo-74A,1,Q1_doM_LWo-74A_1.mp3,ABBA - Dancing Queen | Piano Cover + Sheet Music
doM_LWo-74A,1,Q1_doM_LWo-74A_2.mp3,ABBA - Dancing Queen | Piano Cover + Sheet Music
doM_LWo-74A,1,Q1_doM_LWo-74A_3.mp3,ABBA - Dancing Queen | Piano Cover + Sheet Music
doM_LWo-74A,1,Q1_doM_LWo-74A_4.mp3,ABBA - Dancing Queen | Piano Cover + Sheet Music
DX1IK3z1w10,1,Q1_DX1IK3z1w10_1.mp3,Lewis Capaldi - Someone You Loved Piano Cover
DX1IK3z1w10,4,Q4_DX1IK3z1w10_0.mp3,Lewis Capaldi - Someone You Loved Piano Cover
e838BE_MH6s,1,Q1_e838BE_MH6s_1.mp3,Queen - Bohemian Rhapsody | Piano Cover + Sheet Music
e838BE_MH6s,1,Q1_e838BE_MH6s_2.mp3,Queen - Bohemian Rhapsody | Piano Cover + Sheet Music
e838BE_MH6s,1,Q1_e838BE_MH6s_3.mp3,Queen - Bohemian Rhapsody | Piano Cover + Sheet Music
e838BE_MH6s,1,Q1_e838BE_MH6s_4.mp3,Queen - Bohemian Rhapsody | Piano Cover + Sheet Music
e838BE_MH6s,4,Q4_e838BE_MH6s_0.mp3,Queen - Bohemian Rhapsody | Piano Cover + Sheet Music
e8NQ2NH0nc8,1,Q1_e8NQ2NH0nc8_0.mp3,依然愛我 / 盛曉玫 (泥土音樂) - piano cover / 鋼琴演奏
e8NQ2NH0nc8,1,Q1_e8NQ2NH0nc8_1.mp3,依然愛我 / 盛曉玫 (泥土音樂) - piano cover / 鋼琴演奏
eVMSeElk81Q,1,Q1_eVMSeElk81Q_0.mp3,Santana - Smooth (feat. Rob Thomas) | Piano Cover + Sheet Music
eVMSeElk81Q,1,Q1_eVMSeElk81Q_1.mp3,Santana - Smooth (feat. Rob Thomas) | Piano Cover + Sheet Music
eVMSeElk81Q,1,Q1_eVMSeElk81Q_2.mp3,Santana - Smooth (feat. Rob Thomas) | Piano Cover + Sheet Music
Fc1qk52SaKY,1,Q1_Fc1qk52SaKY_0.mp3,How Awesome You Are / 主祢真偉大 - piano cover / 鋼琴演奏
Fc1qk52SaKY,1,Q1_Fc1qk52SaKY_1.mp3,How Awesome You Are / 主祢真偉大 - piano cover / 鋼琴演奏
fey-8bOR95E,1,Q1_fey-8bOR95E_0.mp3,Crocodile Rock on Piano: David Osborne
fey-8bOR95E,1,Q1_fey-8bOR95E_1.mp3,Crocodile Rock on Piano: David Osborne
fey-8bOR95E,1,Q1_fey-8bOR95E_2.mp3,Crocodile Rock on Piano: David Osborne
fey-8bOR95E,1,Q1_fey-8bOR95E_3.mp3,Crocodile Rock on Piano: David Osborne
FfwKrQyQ7WU,1,Q1_FfwKrQyQ7WU_0.mp3,YES AND AMEN | Chris Tomlin | Never Lose Sight
FfwKrQyQ7WU,1,Q1_FfwKrQyQ7WU_1.mp3,YES AND AMEN | Chris Tomlin | Never Lose Sight
FfwKrQyQ7WU,1,Q1_FfwKrQyQ7WU_2.mp3,YES AND AMEN | Chris Tomlin | Never Lose Sight
FfwKrQyQ7WU,1,Q1_FfwKrQyQ7WU_3.mp3,YES AND AMEN | Chris Tomlin | Never Lose Sight
fShAWhXIits,4,Q4_fShAWhXIits_0.mp3,Carole King: It's Too Late [piano solo]
fShAWhXIits,4,Q4_fShAWhXIits_1.mp3,Carole King: It's Too Late [piano solo]
g15aRCHUJEI,4,Q4_g15aRCHUJEI_0.mp3,Gavin Luke - Broken Pieces
g15aRCHUJEI,4,Q4_g15aRCHUJEI_1.mp3,Gavin Luke - Broken Pieces
g15aRCHUJEI,4,Q4_g15aRCHUJEI_2.mp3,Gavin Luke - Broken Pieces
GbUV3TXUzeQ,1,Q1_GbUV3TXUzeQ_1.mp3,How To Train Your Dragon - Main Theme (Piano Version)
GbUV3TXUzeQ,1,Q1_GbUV3TXUzeQ_2.mp3,How To Train Your Dragon - Main Theme (Piano Version)
GbUV3TXUzeQ,4,Q4_GbUV3TXUzeQ_0.mp3,How To Train Your Dragon - Main Theme (Piano Version)
gSwv8hZGM-s,1,Q1_gSwv8hZGM-s_0.mp3,Africa on Piano: David Osborne
gSwv8hZGM-s,1,Q1_gSwv8hZGM-s_1.mp3,Africa on Piano: David Osborne
gwmVjvR-sVs,1,Q1_gwmVjvR-sVs_0.mp3,"""Dusk Till Dawn"" - ZAYN ft. Sia (Piano Cover) - Costantino Carrara"
gwmVjvR-sVs,1,Q1_gwmVjvR-sVs_1.mp3,"""Dusk Till Dawn"" - ZAYN ft. Sia (Piano Cover) - Costantino Carrara"
gwmVjvR-sVs,4,Q4_gwmVjvR-sVs_2.mp3,"""Dusk Till Dawn"" - ZAYN ft. Sia (Piano Cover) - Costantino Carrara"
GY3f6ckBVkA,1,Q1_GY3f6ckBVkA_0.mp3,Ed Sheeran - Shape Of You | Piano Cover + Sheet Music
GY3f6ckBVkA,1,Q1_GY3f6ckBVkA_1.mp3,Ed Sheeran - Shape Of You | Piano Cover + Sheet Music
GY3f6ckBVkA,1,Q1_GY3f6ckBVkA_2.mp3,Ed Sheeran - Shape Of You | Piano Cover + Sheet Music
GY3f6ckBVkA,1,Q1_GY3f6ckBVkA_3.mp3,Ed Sheeran - Shape Of You | Piano Cover + Sheet Music
HY9vPoHbgaI,1,Q1_HY9vPoHbgaI_0.mp3,레드벨벳 (Red Velvet) - Would U Piano Cover
HY9vPoHbgaI,1,Q1_HY9vPoHbgaI_1.mp3,레드벨벳 (Red Velvet) - Would U Piano Cover
HY9vPoHbgaI,1,Q1_HY9vPoHbgaI_2.mp3,레드벨벳 (Red Velvet) - Would U Piano Cover
HY9vPoHbgaI,1,Q1_HY9vPoHbgaI_3.mp3,레드벨벳 (Red Velvet) - Would U Piano Cover
iFgSjUqI7iM,1,Q1_iFgSjUqI7iM_0.mp3,Charlie Puth - One Call Away Piano Cover
iFgSjUqI7iM,1,Q1_iFgSjUqI7iM_1.mp3,Charlie Puth - One Call Away Piano Cover
iGHgeUCPotc,4,Q4_iGHgeUCPotc_0.mp3,Let the light of your face / 求你仰起臉來 - piano cover / 鋼琴演奏
im4Qxn3GQvo,1,Q1_im4Qxn3GQvo_0.mp3,讚美之泉 - 祢的救恩 / Your Salvation - piano cover / 鋼琴演奏
im4Qxn3GQvo,1,Q1_im4Qxn3GQvo_1.mp3,讚美之泉 - 祢的救恩 / Your Salvation - piano cover / 鋼琴演奏
im4Qxn3GQvo,1,Q1_im4Qxn3GQvo_2.mp3,讚美之泉 - 祢的救恩 / Your Salvation - piano cover / 鋼琴演奏
J6X3rVU1H-c,1,Q1_J6X3rVU1H-c_1.mp3,OneRepublic - Counting Stars | Piano Cover + Sheet Music
J6X3rVU1H-c,1,Q1_J6X3rVU1H-c_2.mp3,OneRepublic - Counting Stars | Piano Cover + Sheet Music
J6X3rVU1H-c,4,Q4_J6X3rVU1H-c_0.mp3,OneRepublic - Counting Stars | Piano Cover + Sheet Music
Jn9r0avp0fY,1,Q1_Jn9r0avp0fY_0.mp3,"Air (TV), Kanon (2006), Clannad After Story - Piano Medley"
Jn9r0avp0fY,1,Q1_Jn9r0avp0fY_1.mp3,"Air (TV), Kanon (2006), Clannad After Story - Piano Medley"
Jn9r0avp0fY,1,Q1_Jn9r0avp0fY_2.mp3,"Air (TV), Kanon (2006), Clannad After Story - Piano Medley"
Jn9r0avp0fY,1,Q1_Jn9r0avp0fY_3.mp3,"Air (TV), Kanon (2006), Clannad After Story - Piano Medley"
JT1XJnVmABo,1,Q1_JT1XJnVmABo_3.mp3,Titanic - My Heart Will Go On (Piano Version)
JT1XJnVmABo,1,Q1_JT1XJnVmABo_4.mp3,Titanic - My Heart Will Go On (Piano Version)
JT1XJnVmABo,1,Q1_JT1XJnVmABo_5.mp3,Titanic - My Heart Will Go On (Piano Version)
JT1XJnVmABo,2,Q2_JT1XJnVmABo_6.mp3,Titanic - My Heart Will Go On (Piano Version)
JT1XJnVmABo,3,Q3_JT1XJnVmABo_1.mp3,Titanic - My Heart Will Go On (Piano Version)
JYVXM0qNQAg,1,Q1_JYVXM0qNQAg_0.mp3,"ytId
JYVXM0qNQAg    Soffia la notte
JYVXM0qNQAg    Soffia la notte
Name: vidTitle, dtype: object"
JYVXM0qNQAg,1,Q1_JYVXM0qNQAg_2.mp3,"ytId
JYVXM0qNQAg    Soffia la notte
JYVXM0qNQAg    Soffia la notte
Name: vidTitle, dtype: object"
JYVXM0qNQAg,2,Q2_JYVXM0qNQAg_1.mp3,"ytId
JYVXM0qNQAg    Soffia la notte
JYVXM0qNQAg    Soffia la notte
Name: vidTitle, dtype: object"
k4dxAlI5N-k,1,Q1_k4dxAlI5N-k_0.mp3,Rising
k4dxAlI5N-k,1,Q1_k4dxAlI5N-k_1.mp3,Rising
K6OFDxBU370,1,Q1_K6OFDxBU370_0.mp3,A loving father / 愛我的天父 - piano cover / 鋼琴演奏
K6OFDxBU370,1,Q1_K6OFDxBU370_1.mp3,A loving father / 愛我的天父 - piano cover / 鋼琴演奏
KxlqB3j0zys,1,Q1_KxlqB3j0zys_0.mp3,Song of the Palm Trees
KxlqB3j0zys,1,Q1_KxlqB3j0zys_1.mp3,Song of the Palm Trees
KxlqB3j0zys,4,Q4_KxlqB3j0zys_2.mp3,Song of the Palm Trees
KxlqB3j0zys,4,Q4_KxlqB3j0zys_3.mp3,Song of the Palm Trees
KxlqB3j0zys,4,Q4_KxlqB3j0zys_4.mp3,Song of the Palm Trees
ldCQ6N9G6Mk,3,Q3_ldCQ6N9G6Mk_2.mp3,[PianDuo] Ragnarok Online 仙境傳說 - Streamside (Studio A' Version) (普隆德拉南門) - Piano Solo 鋼琴獨奏
ldCQ6N9G6Mk,3,Q3_ldCQ6N9G6Mk_3.mp3,[PianDuo] Ragnarok Online 仙境傳說 - Streamside (Studio A' Version) (普隆德拉南門) - Piano Solo 鋼琴獨奏
ldCQ6N9G6Mk,3,Q3_ldCQ6N9G6Mk_4.mp3,[PianDuo] Ragnarok Online 仙境傳說 - Streamside (Studio A' Version) (普隆德拉南門) - Piano Solo 鋼琴獨奏
ldCQ6N9G6Mk,4,Q4_ldCQ6N9G6Mk_0.mp3,[PianDuo] Ragnarok Online 仙境傳說 - Streamside (Studio A' Version) (普隆德拉南門) - Piano Solo 鋼琴獨奏
ldCQ6N9G6Mk,4,Q4_ldCQ6N9G6Mk_1.mp3,[PianDuo] Ragnarok Online 仙境傳說 - Streamside (Studio A' Version) (普隆德拉南門) - Piano Solo 鋼琴獨奏
mX-xs3OVhTs,1,Q1_mX-xs3OVhTs_0.mp3,約書亞樂團 - 祢在我身後 - piano cover / 詩歌鋼琴版本
mX-xs3OVhTs,1,Q1_mX-xs3OVhTs_1.mp3,約書亞樂團 - 祢在我身後 - piano cover / 詩歌鋼琴版本
NGE9ynTJABg,1,Q1_NGE9ynTJABg_0.mp3,Queen & David Bowie - Under Pressure | Piano Cover + Sheet Music
NGE9ynTJABg,1,Q1_NGE9ynTJABg_1.mp3,Queen & David Bowie - Under Pressure | Piano Cover + Sheet Music
NGE9ynTJABg,1,Q1_NGE9ynTJABg_2.mp3,Queen & David Bowie - Under Pressure | Piano Cover + Sheet Music
nOIBJHkqrE8,1,Q1_nOIBJHkqrE8_0.mp3,타이거JK(Tiger JK) - Reset 피아노 연주(Cover)(후아유 학교2015 ost)
nOIBJHkqrE8,2,Q2_nOIBJHkqrE8_1.mp3,타이거JK(Tiger JK) - Reset 피아노 연주(Cover)(후아유 학교2015 ost)
NP0lwB-_-og,1,Q1_NP0lwB-_-og_1.mp3,BTS (방탄소년단) - We are Bulletproof : the Eternal Piano Cover
NP0lwB-_-og,4,Q4_NP0lwB-_-og_0.mp3,BTS (방탄소년단) - We are Bulletproof : the Eternal Piano Cover
o5AIp2Yc01M,1,Q1_o5AIp2Yc01M_0.mp3,4. The Crave (Jolly Roll Morton) - The Legend of 1900
o5AIp2Yc01M,1,Q1_o5AIp2Yc01M_1.mp3,4. The Crave (Jolly Roll Morton) - The Legend of 1900
osxmQReE_2o,1,Q1_osxmQReE_2o_0.mp3,Scenes from a Journey
OyaY4213c2A,4,Q4_OyaY4213c2A_0.mp3,What a Beautiful Name - Hillsong Worship (Piano Cover) - YoungMin You
OyaY4213c2A,4,Q4_OyaY4213c2A_1.mp3,What a Beautiful Name - Hillsong Worship (Piano Cover) - YoungMin You
PdwxeMPXOCk,1,Q1_PdwxeMPXOCk_0.mp3,Don't Ask Me Why
PdwxeMPXOCk,1,Q1_PdwxeMPXOCk_1.mp3,Don't Ask Me Why
PdwxeMPXOCk,1,Q1_PdwxeMPXOCk_2.mp3,Don't Ask Me Why
pNwQ9Tu_bCs,1,Q1_pNwQ9Tu_bCs_0.mp3,Sepia Hearts
pNwQ9Tu_bCs,1,Q1_pNwQ9Tu_bCs_1.mp3,Sepia Hearts
pNwQ9Tu_bCs,1,Q1_pNwQ9Tu_bCs_2.mp3,Sepia Hearts
POaIGvLsp5M,1,Q1_POaIGvLsp5M_0.mp3,First Love (Light Dance)
POaIGvLsp5M,1,Q1_POaIGvLsp5M_1.mp3,First Love (Light Dance)
QwsQ8ejbMKg,1,Q1_QwsQ8ejbMKg_0.mp3,"여자친구(GFRIEND) - 귀를 기울이면 (LOVE WHISPER) 피아노 연주, pianoheart"
QwsQ8ejbMKg,1,Q1_QwsQ8ejbMKg_1.mp3,"여자친구(GFRIEND) - 귀를 기울이면 (LOVE WHISPER) 피아노 연주, pianoheart"
r6laJv1-HMg,1,Q1_r6laJv1-HMg_0.mp3,Alicia Keys - Empire State Of Mind (Benedikt Waldheuer Piano Cover)
s5b8viFsVJE,1,Q1_s5b8viFsVJE_0.mp3,TOUCH OF HEAVEN - Piano Instrumental with Lyrics - Hillsong Worship | THERE IS MORE
s5b8viFsVJE,1,Q1_s5b8viFsVJE_1.mp3,TOUCH OF HEAVEN - Piano Instrumental with Lyrics - Hillsong Worship | THERE IS MORE
s5b8viFsVJE,1,Q1_s5b8viFsVJE_2.mp3,TOUCH OF HEAVEN - Piano Instrumental with Lyrics - Hillsong Worship | THERE IS MORE
s6-SbDSZzEU,1,Q1_s6-SbDSZzEU_0.mp3,讚美之泉 - 我在這裡 / Here I am - piano cover / 鋼琴演奏
s6-SbDSZzEU,1,Q1_s6-SbDSZzEU_1.mp3,讚美之泉 - 我在這裡 / Here I am - piano cover / 鋼琴演奏
SlsXsqotUis,1,Q1_SlsXsqotUis_0.mp3,Gloria Gaynor -  I Will Survive | Piano Cover + Sheet Music
SQDuF0qxGQw,1,Q1_SQDuF0qxGQw_0.mp3,"""Love Me Now"" - John Legend (Piano Cover) - Costantino Carrara"
SQDuF0qxGQw,1,Q1_SQDuF0qxGQw_1.mp3,"""Love Me Now"" - John Legend (Piano Cover) - Costantino Carrara"
SQDuF0qxGQw,1,Q1_SQDuF0qxGQw_2.mp3,"""Love Me Now"" - John Legend (Piano Cover) - Costantino Carrara"
sUJ4a74Skk8,1,Q1_sUJ4a74Skk8_0.mp3,SO WILL I (100 BILLION X) | Hillsong United. Instrumental Piano Cover.
sZe3IB1OVfw,1,Q1_sZe3IB1OVfw_0.mp3,耶穌祢已得勝 / 天韻合唱團 - piano cover / 鋼琴演奏
sZe3IB1OVfw,1,Q1_sZe3IB1OVfw_1.mp3,耶穌祢已得勝 / 天韻合唱團 - piano cover / 鋼琴演奏
T92R7xjce34,1,Q1_T92R7xjce34_1.mp3,"""All Of Me"" - John Legend (Theatre Grand Piano Cover) - Costantino Carrara"
T92R7xjce34,4,Q4_T92R7xjce34_0.mp3,"""All Of Me"" - John Legend (Theatre Grand Piano Cover) - Costantino Carrara"
TcFVq0leii4,2,Q2_TcFVq0leii4_1.mp3,The Queen's Gambit - Sygrayem (Piano Cover)
TcFVq0leii4,2,Q2_TcFVq0leii4_2.mp3,The Queen's Gambit - Sygrayem (Piano Cover)
TcFVq0leii4,4,Q4_TcFVq0leii4_0.mp3,The Queen's Gambit - Sygrayem (Piano Cover)
TNoaOTrTkTQ,1,Q1_TNoaOTrTkTQ_0.mp3,Sweet & Happy Spring Kpop Piano | 봄에 듣기 좋은 가요 피아노 커버 모음
TNoaOTrTkTQ,1,Q1_TNoaOTrTkTQ_1.mp3,Sweet & Happy Spring Kpop Piano | 봄에 듣기 좋은 가요 피아노 커버 모음
TNoaOTrTkTQ,1,Q1_TNoaOTrTkTQ_2.mp3,Sweet & Happy Spring Kpop Piano | 봄에 듣기 좋은 가요 피아노 커버 모음
UJcnNfeCN1c,1,Q1_UJcnNfeCN1c_2.mp3,Reaching
UJcnNfeCN1c,1,Q1_UJcnNfeCN1c_3.mp3,Reaching
UJcnNfeCN1c,2,Q2_UJcnNfeCN1c_1.mp3,Reaching
UJcnNfeCN1c,3,Q3_UJcnNfeCN1c_0.mp3,Reaching
UOSlDydo94E,1,Q1_UOSlDydo94E_0.mp3,First Day
UOSlDydo94E,1,Q1_UOSlDydo94E_1.mp3,First Day
UOSlDydo94E,1,Q1_UOSlDydo94E_2.mp3,First Day
uqRLEByE6pU,1,Q1_uqRLEByE6pU_0.mp3,WHO YOU SAY I AM | Piano Instrumental with Lyrics | Hillsong Worship
uqRLEByE6pU,1,Q1_uqRLEByE6pU_1.mp3,WHO YOU SAY I AM | Piano Instrumental with Lyrics | Hillsong Worship
uqRLEByE6pU,1,Q1_uqRLEByE6pU_2.mp3,WHO YOU SAY I AM | Piano Instrumental with Lyrics | Hillsong Worship
UYh88SRZC24,1,Q1_UYh88SRZC24_0.mp3,Tones and I - Dance Monkey | Piano Cover + Sheet Music
UYh88SRZC24,1,Q1_UYh88SRZC24_1.mp3,Tones and I - Dance Monkey | Piano Cover + Sheet Music
V3Y9L4UOcpk,1,Q1_V3Y9L4UOcpk_2.mp3,我心屬於祢 - piano cover / 鋼琴演奏
V3Y9L4UOcpk,4,Q4_V3Y9L4UOcpk_0.mp3,我心屬於祢 - piano cover / 鋼琴演奏
V3Y9L4UOcpk,4,Q4_V3Y9L4UOcpk_1.mp3,我心屬於祢 - piano cover / 鋼琴演奏
vJ77eDxHezE,4,Q4_vJ77eDxHezE_0.mp3,Johannes Bornlöf - Twinkle of the Lights
vJ77eDxHezE,4,Q4_vJ77eDxHezE_1.mp3,Johannes Bornlöf - Twinkle of the Lights
vv6nrZ2myXw,1,Q1_vv6nrZ2myXw_0.mp3,세븐틴 (SEVENTEEN) - 고맙다 (THANKS) Piano Cover
vv6nrZ2myXw,1,Q1_vv6nrZ2myXw_1.mp3,세븐틴 (SEVENTEEN) - 고맙다 (THANKS) Piano Cover
vv6nrZ2myXw,1,Q1_vv6nrZ2myXw_2.mp3,세븐틴 (SEVENTEEN) - 고맙다 (THANKS) Piano Cover
vv6nrZ2myXw,1,Q1_vv6nrZ2myXw_3.mp3,세븐틴 (SEVENTEEN) - 고맙다 (THANKS) Piano Cover
vv6nrZ2myXw,1,Q1_vv6nrZ2myXw_4.mp3,세븐틴 (SEVENTEEN) - 고맙다 (THANKS) Piano Cover
VXgRfsVd_o0,1,Q1_VXgRfsVd_o0_0.mp3,Limahl - The NeverEnding Story (The NeverEnding Story Soundtrack) | Piano Cover + Sheet Music
VXgRfsVd_o0,1,Q1_VXgRfsVd_o0_1.mp3,Limahl - The NeverEnding Story (The NeverEnding Story Soundtrack) | Piano Cover + Sheet Music
VXgRfsVd_o0,1,Q1_VXgRfsVd_o0_2.mp3,Limahl - The NeverEnding Story (The NeverEnding Story Soundtrack) | Piano Cover + Sheet Music
wnB2cjd6zbE,1,Q1_wnB2cjd6zbE_0.mp3,Forever Piano
WpZ1rWHOCAQ,1,Q1_WpZ1rWHOCAQ_0.mp3,"워너원(Wanna One) - 에너제틱(Energetic) 피아노 연주, pianoheart"
WpZ1rWHOCAQ,1,Q1_WpZ1rWHOCAQ_1.mp3,"워너원(Wanna One) - 에너제틱(Energetic) 피아노 연주, pianoheart"
WpZ1rWHOCAQ,1,Q1_WpZ1rWHOCAQ_2.mp3,"워너원(Wanna One) - 에너제틱(Energetic) 피아노 연주, pianoheart"
Wy2-my19YnY,1,Q1_Wy2-my19YnY_0.mp3,Marshmello feat. Bastille - Happier | Piano Cover + Sheet Music
Wy2-my19YnY,1,Q1_Wy2-my19YnY_1.mp3,Marshmello feat. Bastille - Happier | Piano Cover + Sheet Music
XC_SiJszQx0,1,Q1_XC_SiJszQx0_3.mp3,Spirit of hope / 盼望聖靈 - piano cover / 鋼琴演奏
XC_SiJszQx0,2,Q2_XC_SiJszQx0_1.mp3,Spirit of hope / 盼望聖靈 - piano cover / 鋼琴演奏
XC_SiJszQx0,4,Q4_XC_SiJszQx0_0.mp3,Spirit of hope / 盼望聖靈 - piano cover / 鋼琴演奏
XC_SiJszQx0,4,Q4_XC_SiJszQx0_2.mp3,Spirit of hope / 盼望聖靈 - piano cover / 鋼琴演奏
xrhWli_R98g,1,Q1_xrhWli_R98g_1.mp3,레드벨벳 (Red Velvet) - Bad Boy Piano Cover
xrhWli_R98g,1,Q1_xrhWli_R98g_3.mp3,레드벨벳 (Red Velvet) - Bad Boy Piano Cover
xrhWli_R98g,4,Q4_xrhWli_R98g_0.mp3,레드벨벳 (Red Velvet) - Bad Boy Piano Cover
xrhWli_R98g,4,Q4_xrhWli_R98g_2.mp3,레드벨벳 (Red Velvet) - Bad Boy Piano Cover
Xsn9zT-05ns,1,Q1_Xsn9zT-05ns_0.mp3,The Lion King 2019 - Hakuna Matata | Piano Cover + Sheet Music
Xsn9zT-05ns,1,Q1_Xsn9zT-05ns_1.mp3,The Lion King 2019 - Hakuna Matata | Piano Cover + Sheet Music
Y5JcZQ0xg4Y,1,Q1_Y5JcZQ0xg4Y_0.mp3,레드벨벳 (Red Velvet) - 러시안 룰렛 (Russian Roulette) Piano Cover
Y5JcZQ0xg4Y,1,Q1_Y5JcZQ0xg4Y_1.mp3,레드벨벳 (Red Velvet) - 러시안 룰렛 (Russian Roulette) Piano Cover
Y5JcZQ0xg4Y,1,Q1_Y5JcZQ0xg4Y_2.mp3,레드벨벳 (Red Velvet) - 러시안 룰렛 (Russian Roulette) Piano Cover
Y5JcZQ0xg4Y,1,Q1_Y5JcZQ0xg4Y_3.mp3,레드벨벳 (Red Velvet) - 러시안 룰렛 (Russian Roulette) Piano Cover
yFw_kO7DF-Y,1,Q1_yFw_kO7DF-Y_0.mp3,Panic! At The Disco - High Hopes | Piano Cover + Sheet Music
yFw_kO7DF-Y,1,Q1_yFw_kO7DF-Y_1.mp3,Panic! At The Disco - High Hopes | Piano Cover + Sheet Music
yFw_kO7DF-Y,1,Q1_yFw_kO7DF-Y_2.mp3,Panic! At The Disco - High Hopes | Piano Cover + Sheet Music
YhXRyOl5pi0,4,Q4_YhXRyOl5pi0_0.mp3,"ytId
YhXRyOl5pi0    Ever So Blue - Onthou
YhXRyOl5pi0    Ever So Blue - Onthou
Name: vidTitle, dtype: object"
ZgT7yq2jsBk,1,Q1_ZgT7yq2jsBk_0.mp3,BLACKOUT | Piano Instrumental with Lyrics | Steffany Gretzinger | Bethel Music
zHwJG8Rrx6c,1,Q1_zHwJG8Rrx6c_0.mp3,세븐틴 (SEVENTEEN) - 예쁘다 (Pretty U) Piano Cover
zHwJG8Rrx6c,1,Q1_zHwJG8Rrx6c_1.mp3,세븐틴 (SEVENTEEN) - 예쁘다 (Pretty U) Piano Cover
zHwJG8Rrx6c,1,Q1_zHwJG8Rrx6c_2.mp3,세븐틴 (SEVENTEEN) - 예쁘다 (Pretty U) Piano Cover
zHwJG8Rrx6c,1,Q1_zHwJG8Rrx6c_3.mp3,세븐틴 (SEVENTEEN) - 예쁘다 (Pretty U) Piano Cover
zmZHNy9T8Pg,1,Q1_zmZHNy9T8Pg_0.mp3,O HOLY NIGHT by Hillsong Worship. Piano Instrumental [with lyrics]
zmZHNy9T8Pg,1,Q1_zmZHNy9T8Pg_1.mp3,O HOLY NIGHT by Hillsong Worship. Piano Instrumental [with lyrics]
zmZHNy9T8Pg,1,Q1_zmZHNy9T8Pg_2.mp3,O HOLY NIGHT by Hillsong Worship. Piano Instrumental [with lyrics]
_8v0MFBZoco,1,Q1__8v0MFBZoco_0.mp3,Elvis Presley - A Little Less Conversation | Piano Cover + Sheet Music
_8v0MFBZoco,1,Q1__8v0MFBZoco_1.mp3,Elvis Presley - A Little Less Conversation | Piano Cover + Sheet Music
_BK2o77sTc0,1,Q1__BK2o77sTc0_0.mp3,José Orlando Luciano - Infini
_BK2o77sTc0,1,Q1__BK2o77sTc0_1.mp3,José Orlando Luciano - Infini
_BK2o77sTc0,4,Q4__BK2o77sTc0_2.mp3,José Orlando Luciano - Infini
_kJtgm1OUNA,1,Q1__kJtgm1OUNA_0.mp3,Imagine Dragons - Believer | Piano Cover + Sheet Music
_kJtgm1OUNA,1,Q1__kJtgm1OUNA_1.mp3,Imagine Dragons - Believer | Piano Cover + Sheet Music
_kJtgm1OUNA,1,Q1__kJtgm1OUNA_2.mp3,Imagine Dragons - Believer | Piano Cover + Sheet Music
_SJQaaRzD-A,1,Q1__SJQaaRzD-A_0.mp3,JOY TO THE WORLD by Hillsong Worship. Piano Instrumental [with lyrics]
_SJQaaRzD-A,1,Q1__SJQaaRzD-A_1.mp3,JOY TO THE WORLD by Hillsong Worship. Piano Instrumental [with lyrics]
--2B4d4lQhs,2,Q2_--2B4d4lQhs_0.mp3,"""Fighting Spirit"" - Inspirational Piano Music"
--2B4d4lQhs,2,Q2_--2B4d4lQhs_1.mp3,"""Fighting Spirit"" - Inspirational Piano Music"
--2B4d4lQhs,2,Q2_--2B4d4lQhs_2.mp3,"""Fighting Spirit"" - Inspirational Piano Music"
--2B4d4lQhs,4,Q4_--2B4d4lQhs_3.mp3,"""Fighting Spirit"" - Inspirational Piano Music"
-jJVb0xvbdg,2,Q2_-jJVb0xvbdg_0.mp3,Goblin OST 9 - I Will Go To You Like The First Snow by Ailee - piano cover w/ Sheet music
-jJVb0xvbdg,2,Q2_-jJVb0xvbdg_1.mp3,Goblin OST 9 - I Will Go To You Like The First Snow by Ailee - piano cover w/ Sheet music
08t73Qgjkt4,2,Q2_08t73Qgjkt4_0.mp3,煎熬 鋼琴版 (主唱: 李佳薇)
08t73Qgjkt4,2,Q2_08t73Qgjkt4_1.mp3,煎熬 鋼琴版 (主唱: 李佳薇)
08t73Qgjkt4,2,Q2_08t73Qgjkt4_2.mp3,煎熬 鋼琴版 (主唱: 李佳薇)
0c2dTJTDUR4,3,Q3_0c2dTJTDUR4_0.mp3,Young and Beautiful
0c2dTJTDUR4,4,Q4_0c2dTJTDUR4_1.mp3,Young and Beautiful
0H4rq0L9OSw,2,Q2_0H4rq0L9OSw_0.mp3,Michael Jackson - Bad (Piano Cover) - Peter Bence
0H4rq0L9OSw,2,Q2_0H4rq0L9OSw_1.mp3,Michael Jackson - Bad (Piano Cover) - Peter Bence
1A9Hh2GrDTs,4,Q4_1A9Hh2GrDTs_0.mp3,Bird in Captivity
1TAKQK3s6qQ,2,Q2_1TAKQK3s6qQ_0.mp3,Game of Thrones - Chaos Is a Ladder
22S3w4idugs,4,Q4_22S3w4idugs_0.mp3,可惜不是你 鋼琴版 (主唱: 梁靜茹 )
2uLw9Zs60A4,2,Q2_2uLw9Zs60A4_0.mp3,下雨的夜晚 鋼琴版 (主唱: 蘇打綠 Sodagreen )
38i12IPkL5c,2,Q2_38i12IPkL5c_0.mp3,BLACKPINK - DDU-DU DDU-DU (뚜두뚜두) | Piano Cover [Sheet Music]
38i12IPkL5c,2,Q2_38i12IPkL5c_1.mp3,BLACKPINK - DDU-DU DDU-DU (뚜두뚜두) | Piano Cover [Sheet Music]
38i12IPkL5c,2,Q2_38i12IPkL5c_2.mp3,BLACKPINK - DDU-DU DDU-DU (뚜두뚜두) | Piano Cover [Sheet Music]
4dXC1cC7crw,1,Q1_4dXC1cC7crw_0.mp3,하현우 - '돌덩이' 이태원 클라쓰 OST(Itaewon class) / Piano Cover / Sheet
4dXC1cC7crw,1,Q1_4dXC1cC7crw_1.mp3,하현우 - '돌덩이' 이태원 클라쓰 OST(Itaewon class) / Piano Cover / Sheet
5CEAeMiXKaA,2,Q2_5CEAeMiXKaA_0.mp3,The Queen's Gambit - You're Gloating (Piano Cover)
5NW0zDu6IYM,1,Q1_5NW0zDu6IYM_2.mp3,ABBA - SOS | Piano Cover + Sheet Music
5NW0zDu6IYM,2,Q2_5NW0zDu6IYM_0.mp3,ABBA - SOS | Piano Cover + Sheet Music
5NW0zDu6IYM,2,Q2_5NW0zDu6IYM_1.mp3,ABBA - SOS | Piano Cover + Sheet Music
60LLKmpgzRM,1,Q1_60LLKmpgzRM_0.mp3,Dark Piano - Hate (Original Composition)
61EA0xRX8gE,2,Q2_61EA0xRX8gE_0.mp3,Spider-Man Trio Theme Epic Piano Mashup/Medley [MCU Live Action Spider-Verse] (Piano Cover)
61EA0xRX8gE,2,Q2_61EA0xRX8gE_1.mp3,Spider-Man Trio Theme Epic Piano Mashup/Medley [MCU Live Action Spider-Verse] (Piano Cover)
61EA0xRX8gE,2,Q2_61EA0xRX8gE_3.mp3,Spider-Man Trio Theme Epic Piano Mashup/Medley [MCU Live Action Spider-Verse] (Piano Cover)
61EA0xRX8gE,2,Q2_61EA0xRX8gE_4.mp3,Spider-Man Trio Theme Epic Piano Mashup/Medley [MCU Live Action Spider-Verse] (Piano Cover)
61EA0xRX8gE,2,Q2_61EA0xRX8gE_5.mp3,Spider-Man Trio Theme Epic Piano Mashup/Medley [MCU Live Action Spider-Verse] (Piano Cover)
6n8HgIcJ6vo,2,Q2_6n8HgIcJ6vo_0.mp3,펀치(Punch) - Done For Me ( Hotel Del Luna OST)/Piano cover/Sheet
78C_TpQDvVE,2,Q2_78C_TpQDvVE_0.mp3,[PianDuo] Ragnarok Online 仙境傳說 - Theme of RO (登入BGM) - Piano Solo 鋼琴獨奏
78C_TpQDvVE,2,Q2_78C_TpQDvVE_1.mp3,[PianDuo] Ragnarok Online 仙境傳說 - Theme of RO (登入BGM) - Piano Solo 鋼琴獨奏
8TYY0qG-KOw,2,Q2_8TYY0qG-KOw_1.mp3,Pippa
8TYY0qG-KOw,4,Q4_8TYY0qG-KOw_0.mp3,Pippa
9Yb9OEVwups,1,Q1_9Yb9OEVwups_0.mp3,林俊傑 JJ Lin - 可惜沒如果 If Only  [Piano Cover by Hugo Wong]
AacIP9mDLw8,2,Q2_AacIP9mDLw8_0.mp3,Vusal Zeinalov - Nagorno Mist
AacIP9mDLw8,2,Q2_AacIP9mDLw8_2.mp3,Vusal Zeinalov - Nagorno Mist
AacIP9mDLw8,3,Q3_AacIP9mDLw8_1.mp3,Vusal Zeinalov - Nagorno Mist
AWNbcxXDmt0,2,Q2_AWNbcxXDmt0_0.mp3,Ninelie - Kabaneri of the Iron Fortress ED [Piano]
b8HVQtIoBYU,2,Q2_b8HVQtIoBYU_0.mp3,Inception - Time (Piano Version) [Remake]
b8HVQtIoBYU,2,Q2_b8HVQtIoBYU_1.mp3,Inception - Time (Piano Version) [Remake]
bfopzItCYrE,2,Q2_bfopzItCYrE_1.mp3,愛你沒差 鋼琴版 (主唱: 周杰倫 Jay Chou )
bfopzItCYrE,3,Q3_bfopzItCYrE_0.mp3,愛你沒差 鋼琴版 (主唱: 周杰倫 Jay Chou )
bfopzItCYrE,4,Q4_bfopzItCYrE_2.mp3,愛你沒差 鋼琴版 (主唱: 周杰倫 Jay Chou )
BzqX-9TA-GY,2,Q2_BzqX-9TA-GY_1.mp3,The Queen's Gambit Beth's Story Piano Cover
BzqX-9TA-GY,2,Q2_BzqX-9TA-GY_2.mp3,The Queen's Gambit Beth's Story Piano Cover
BzqX-9TA-GY,3,Q3_BzqX-9TA-GY_0.mp3,The Queen's Gambit Beth's Story Piano Cover
cFWdWpyvwag,2,Q2_cFWdWpyvwag_0.mp3,The Queen's Gambit - Ceiling Games (Piano Cover)
cFWdWpyvwag,2,Q2_cFWdWpyvwag_1.mp3,The Queen's Gambit - Ceiling Games (Piano Cover)
cm6E860vDjY,2,Q2_cm6E860vDjY_0.mp3,Game of Thrones - The King's Arrival Advanced Piano Cover with Sheet Music
cm6E860vDjY,2,Q2_cm6E860vDjY_1.mp3,Game of Thrones - The King's Arrival Advanced Piano Cover with Sheet Music
cm6E860vDjY,2,Q2_cm6E860vDjY_2.mp3,Game of Thrones - The King's Arrival Advanced Piano Cover with Sheet Music
CxFXrYgdSSI,2,Q2_CxFXrYgdSSI_0.mp3,Johannes Bornlöf - Declaration (Cinematic Mood Video)
CxFXrYgdSSI,2,Q2_CxFXrYgdSSI_1.mp3,Johannes Bornlöf - Declaration (Cinematic Mood Video)
CxFXrYgdSSI,2,Q2_CxFXrYgdSSI_2.mp3,Johannes Bornlöf - Declaration (Cinematic Mood Video)
D-gDPh9ZpFk,2,Q2_D-gDPh9ZpFk_0.mp3,The Reluctant Heroes - Attack on Titan OST [Piano]
D-gDPh9ZpFk,2,Q2_D-gDPh9ZpFk_1.mp3,The Reluctant Heroes - Attack on Titan OST [Piano]
D-gDPh9ZpFk,2,Q2_D-gDPh9ZpFk_2.mp3,The Reluctant Heroes - Attack on Titan OST [Piano]
D5kyjnlDNZs,2,Q2_D5kyjnlDNZs_0.mp3,[OLD VIDEO] Swordland - Sword Art Online OST [Piano]
D5kyjnlDNZs,2,Q2_D5kyjnlDNZs_1.mp3,[OLD VIDEO] Swordland - Sword Art Online OST [Piano]
D5kyjnlDNZs,2,Q2_D5kyjnlDNZs_2.mp3,[OLD VIDEO] Swordland - Sword Art Online OST [Piano]
Dg935IbDggo,2,Q2_Dg935IbDggo_0.mp3,Transformers - Arrival To Earth (Piano Version)
Dg935IbDggo,2,Q2_Dg935IbDggo_1.mp3,Transformers - Arrival To Earth (Piano Version)
Dg935IbDggo,2,Q2_Dg935IbDggo_2.mp3,Transformers - Arrival To Earth (Piano Version)
Dg935IbDggo,2,Q2_Dg935IbDggo_3.mp3,Transformers - Arrival To Earth (Piano Version)
dtS02mrDMsM,2,Q2_dtS02mrDMsM_0.mp3,Epic Dark Piano | Vengeance | Lionel Yu
dtS02mrDMsM,2,Q2_dtS02mrDMsM_1.mp3,Epic Dark Piano | Vengeance | Lionel Yu
dtS02mrDMsM,2,Q2_dtS02mrDMsM_2.mp3,Epic Dark Piano | Vengeance | Lionel Yu
dtS02mrDMsM,2,Q2_dtS02mrDMsM_3.mp3,Epic Dark Piano | Vengeance | Lionel Yu
dtS02mrDMsM,2,Q2_dtS02mrDMsM_4.mp3,Epic Dark Piano | Vengeance | Lionel Yu
DYBBfpEx-JI,2,Q2_DYBBfpEx-JI_0.mp3,Main Themes- Thor Medley (Piano)
DYBBfpEx-JI,2,Q2_DYBBfpEx-JI_1.mp3,Main Themes- Thor Medley (Piano)
DYBBfpEx-JI,2,Q2_DYBBfpEx-JI_2.mp3,Main Themes- Thor Medley (Piano)
DYBBfpEx-JI,2,Q2_DYBBfpEx-JI_3.mp3,Main Themes- Thor Medley (Piano)
DYBBfpEx-JI,3,Q3_DYBBfpEx-JI_4.mp3,Main Themes- Thor Medley (Piano)
epX33OVpkmA,2,Q2_epX33OVpkmA_0.mp3,Game of Thrones - Let's Kill Some Crows (Advanced Piano Solo with Sheet Music)
epX33OVpkmA,2,Q2_epX33OVpkmA_1.mp3,Game of Thrones - Let's Kill Some Crows (Advanced Piano Solo with Sheet Music)
epX33OVpkmA,2,Q2_epX33OVpkmA_2.mp3,Game of Thrones - Let's Kill Some Crows (Advanced Piano Solo with Sheet Music)
ezoAduuCkUs,2,Q2_ezoAduuCkUs_0.mp3,Piano Covers
ii1Jw1-7Ka4,4,Q4_ii1Jw1-7Ka4_0.mp3,"ytId
ii1Jw1-7Ka4    ""FORGIVEN"" by Norman Dück ~ World's Most Emoti...
ii1Jw1-7Ka4    ""FORGIVEN"" by Norman Dück ~ World's Most Emoti...
Name: vidTitle, dtype: object"
ii1Jw1-7Ka4,4,Q4_ii1Jw1-7Ka4_1.mp3,"ytId
ii1Jw1-7Ka4    ""FORGIVEN"" by Norman Dück ~ World's Most Emoti...
ii1Jw1-7Ka4    ""FORGIVEN"" by Norman Dück ~ World's Most Emoti...
Name: vidTitle, dtype: object"
ii1Jw1-7Ka4,4,Q4_ii1Jw1-7Ka4_2.mp3,"ytId
ii1Jw1-7Ka4    ""FORGIVEN"" by Norman Dück ~ World's Most Emoti...
ii1Jw1-7Ka4    ""FORGIVEN"" by Norman Dück ~ World's Most Emoti...
Name: vidTitle, dtype: object"
ijfxkQPAQdE,2,Q2_ijfxkQPAQdE_1.mp3,Interstellar - Quantifiable connection (Piano Cover)
ijfxkQPAQdE,2,Q2_ijfxkQPAQdE_2.mp3,Interstellar - Quantifiable connection (Piano Cover)
ijfxkQPAQdE,3,Q3_ijfxkQPAQdE_0.mp3,Interstellar - Quantifiable connection (Piano Cover)
ItGNJM6skM4,2,Q2_ItGNJM6skM4_1.mp3,Zack Hemsey - The Way (Piano Cover)
ItGNJM6skM4,2,Q2_ItGNJM6skM4_2.mp3,Zack Hemsey - The Way (Piano Cover)
ItGNJM6skM4,3,Q3_ItGNJM6skM4_0.mp3,Zack Hemsey - The Way (Piano Cover)
jO2zX6Ul8GM,2,Q2_jO2zX6Ul8GM_0.mp3,Franz Gordon - Slow Day (Full Album)
jO2zX6Ul8GM,2,Q2_jO2zX6Ul8GM_1.mp3,Franz Gordon - Slow Day (Full Album)
jO2zX6Ul8GM,4,Q4_jO2zX6Ul8GM_2.mp3,Franz Gordon - Slow Day (Full Album)
jTPXwbDtIpA,2,Q2_jTPXwbDtIpA_1.mp3,Harry Potter - Hedwig's Theme (Piano Version)
jTPXwbDtIpA,2,Q2_jTPXwbDtIpA_2.mp3,Harry Potter - Hedwig's Theme (Piano Version)
jTPXwbDtIpA,3,Q3_jTPXwbDtIpA_0.mp3,Harry Potter - Hedwig's Theme (Piano Version)
jziI_cuN_H8,1,Q1_jziI_cuN_H8_0.mp3,Pirates of the Caribbean: The Curse of the Black Pearl - He's a Pirate (Hans Zimmer) | Piano Cover
jziI_cuN_H8,1,Q1_jziI_cuN_H8_1.mp3,Pirates of the Caribbean: The Curse of the Black Pearl - He's a Pirate (Hans Zimmer) | Piano Cover
jziI_cuN_H8,1,Q1_jziI_cuN_H8_2.mp3,Pirates of the Caribbean: The Curse of the Black Pearl - He's a Pirate (Hans Zimmer) | Piano Cover
k-FNDbK6Qhg,2,Q2_k-FNDbK6Qhg_0.mp3,Final Fantasy VII Remake - Those Who Fight - piano version
k-FNDbK6Qhg,2,Q2_k-FNDbK6Qhg_2.mp3,Final Fantasy VII Remake - Those Who Fight - piano version
k-FNDbK6Qhg,4,Q4_k-FNDbK6Qhg_1.mp3,Final Fantasy VII Remake - Those Who Fight - piano version
kKFwiXKlhC8,2,Q2_kKFwiXKlhC8_0.mp3,Requiem For a Dream (Piano Cover)
kKFwiXKlhC8,2,Q2_kKFwiXKlhC8_1.mp3,Requiem For a Dream (Piano Cover)
l-4Kce3YxxQ,2,Q2_l-4Kce3YxxQ_0.mp3,Bleach Fight Soundtrack Piano Medley (Part 3)
l-4Kce3YxxQ,2,Q2_l-4Kce3YxxQ_1.mp3,Bleach Fight Soundtrack Piano Medley (Part 3)
l-4Kce3YxxQ,2,Q2_l-4Kce3YxxQ_2.mp3,Bleach Fight Soundtrack Piano Medley (Part 3)
l-4Kce3YxxQ,2,Q2_l-4Kce3YxxQ_3.mp3,Bleach Fight Soundtrack Piano Medley (Part 3)
l-4Kce3YxxQ,2,Q2_l-4Kce3YxxQ_4.mp3,Bleach Fight Soundtrack Piano Medley (Part 3)
OCqMDeD6Fmc,2,Q2_OCqMDeD6Fmc_0.mp3,Light of the Seven - Game of Thrones (Piano Version)
OCqMDeD6Fmc,2,Q2_OCqMDeD6Fmc_1.mp3,Light of the Seven - Game of Thrones (Piano Version)
OCqMDeD6Fmc,2,Q2_OCqMDeD6Fmc_2.mp3,Light of the Seven - Game of Thrones (Piano Version)
OCqMDeD6Fmc,2,Q2_OCqMDeD6Fmc_3.mp3,Light of the Seven - Game of Thrones (Piano Version)
P-We4q3goKU,2,Q2_P-We4q3goKU_1.mp3,The Queen's Gambit - The Final Game (Piano Cover)
P-We4q3goKU,2,Q2_P-We4q3goKU_2.mp3,The Queen's Gambit - The Final Game (Piano Cover)
P-We4q3goKU,2,Q2_P-We4q3goKU_3.mp3,The Queen's Gambit - The Final Game (Piano Cover)
P-We4q3goKU,2,Q2_P-We4q3goKU_4.mp3,The Queen's Gambit - The Final Game (Piano Cover)
P-We4q3goKU,2,Q2_P-We4q3goKU_5.mp3,The Queen's Gambit - The Final Game (Piano Cover)
pouxqiySdI8,2,Q2_pouxqiySdI8_0.mp3,【TV】Shingeki no Kyojin Season 2 Opening - Shinzou wo Sasageyo! (Piano)
pouxqiySdI8,2,Q2_pouxqiySdI8_1.mp3,【TV】Shingeki no Kyojin Season 2 Opening - Shinzou wo Sasageyo! (Piano)
PZN7XLKzLDI,2,Q2_PZN7XLKzLDI_0.mp3,Boris Berman Plays Prokofiev Piano sonata no. 2 op. 14 in D minor  (Full)
PZN7XLKzLDI,4,Q4_PZN7XLKzLDI_1.mp3,Boris Berman Plays Prokofiev Piano sonata no. 2 op. 14 in D minor  (Full)
Q5b5unyP8BM,2,Q2_Q5b5unyP8BM_0.mp3,"[Domestic na Kanojo OP] ""Kawaki wo Ameku"" - Minami (Piano)"
Q5b5unyP8BM,2,Q2_Q5b5unyP8BM_1.mp3,"[Domestic na Kanojo OP] ""Kawaki wo Ameku"" - Minami (Piano)"
qlbazHayULg,1,Q1_qlbazHayULg_8.mp3,HANS ZIMMER piano suite (Dark Knight - Interstellar - Man of Steel - Inception)
qlbazHayULg,2,Q2_qlbazHayULg_0.mp3,HANS ZIMMER piano suite (Dark Knight - Interstellar - Man of Steel - Inception)
qlbazHayULg,2,Q2_qlbazHayULg_1.mp3,HANS ZIMMER piano suite (Dark Knight - Interstellar - Man of Steel - Inception)
qlbazHayULg,2,Q2_qlbazHayULg_10.mp3,HANS ZIMMER piano suite (Dark Knight - Interstellar - Man of Steel - Inception)
qlbazHayULg,2,Q2_qlbazHayULg_11.mp3,HANS ZIMMER piano suite (Dark Knight - Interstellar - Man of Steel - Inception)
QmK_SND2jAw,2,Q2_QmK_SND2jAw_0.mp3,Captain Marvel - Official Trailer Music (Piano Cover)
QmK_SND2jAw,2,Q2_QmK_SND2jAw_1.mp3,Captain Marvel - Official Trailer Music (Piano Cover)
rEz0D3VohFA,2,Q2_rEz0D3VohFA_1.mp3,The Chronicles of Narnia - The Battle - Transcendental Piano Solo | Leiki Ueda
rEz0D3VohFA,2,Q2_rEz0D3VohFA_2.mp3,The Chronicles of Narnia - The Battle - Transcendental Piano Solo | Leiki Ueda
rEz0D3VohFA,3,Q3_rEz0D3VohFA_0.mp3,The Chronicles of Narnia - The Battle - Transcendental Piano Solo | Leiki Ueda
RiQMuhk_SuQ,2,Q2_RiQMuhk_SuQ_1.mp3,The Dark Knight Rises - Main Themes (Piano Cover)
RiQMuhk_SuQ,2,Q2_RiQMuhk_SuQ_2.mp3,The Dark Knight Rises - Main Themes (Piano Cover)
RiQMuhk_SuQ,2,Q2_RiQMuhk_SuQ_3.mp3,The Dark Knight Rises - Main Themes (Piano Cover)
RiQMuhk_SuQ,3,Q3_RiQMuhk_SuQ_0.mp3,The Dark Knight Rises - Main Themes (Piano Cover)
S7Bo4-NCEDk,2,Q2_S7Bo4-NCEDk_0.mp3,RIOPY -  I LOVE YOU
S7Bo4-NCEDk,2,Q2_S7Bo4-NCEDk_1.mp3,RIOPY -  I LOVE YOU
S7Bo4-NCEDk,2,Q2_S7Bo4-NCEDk_2.mp3,RIOPY -  I LOVE YOU
sEQf5lcnj_o,2,Q2_sEQf5lcnj_o_0.mp3,Unravel - Tokyo Ghoul OP [Piano]
sEQf5lcnj_o,2,Q2_sEQf5lcnj_o_1.mp3,Unravel - Tokyo Ghoul OP [Piano]
sEQf5lcnj_o,2,Q2_sEQf5lcnj_o_2.mp3,Unravel - Tokyo Ghoul OP [Piano]
sEQf5lcnj_o,2,Q2_sEQf5lcnj_o_3.mp3,Unravel - Tokyo Ghoul OP [Piano]
snfsc7pEzlk,2,Q2_snfsc7pEzlk_0.mp3,Star Wars - Duel of the Fates (Piano Version)
snfsc7pEzlk,2,Q2_snfsc7pEzlk_1.mp3,Star Wars - Duel of the Fates (Piano Version)
snfsc7pEzlk,2,Q2_snfsc7pEzlk_2.mp3,Star Wars - Duel of the Fates (Piano Version)
UAm0aWvzFI8,2,Q2_UAm0aWvzFI8_0.mp3,The Avengers - Main Theme (Piano Version)
UAm0aWvzFI8,2,Q2_UAm0aWvzFI8_1.mp3,The Avengers - Main Theme (Piano Version)
UE0y8MHqT-g,2,Q2_UE0y8MHqT-g_1.mp3,GAME OF THRONES - The Piano Medley | Costantino Carrara
UE0y8MHqT-g,2,Q2_UE0y8MHqT-g_2.mp3,GAME OF THRONES - The Piano Medley | Costantino Carrara
UE0y8MHqT-g,3,Q3_UE0y8MHqT-g_0.mp3,GAME OF THRONES - The Piano Medley | Costantino Carrara
Uu-oRTRT6uQ,2,Q2_Uu-oRTRT6uQ_0.mp3,Battle Theme (from Final Fantasy X) - Piano Tutorial
Uu-oRTRT6uQ,2,Q2_Uu-oRTRT6uQ_1.mp3,Battle Theme (from Final Fantasy X) - Piano Tutorial
Uu-oRTRT6uQ,2,Q2_Uu-oRTRT6uQ_2.mp3,Battle Theme (from Final Fantasy X) - Piano Tutorial
WBxql6cuU7c,2,Q2_WBxql6cuU7c_0.mp3,At Last
WQrPcuy50aA,2,Q2_WQrPcuy50aA_0.mp3,ANNE with an 'E' - You Can Ride in Back (Piano Cover)
WQrPcuy50aA,2,Q2_WQrPcuy50aA_1.mp3,ANNE with an 'E' - You Can Ride in Back (Piano Cover)
yhIncZ_Ue4E,2,Q2_yhIncZ_Ue4E_0.mp3,Vusal Zeinalov - Caspian Sea
yhIncZ_Ue4E,2,Q2_yhIncZ_Ue4E_1.mp3,Vusal Zeinalov - Caspian Sea
yhIncZ_Ue4E,2,Q2_yhIncZ_Ue4E_2.mp3,Vusal Zeinalov - Caspian Sea
yrvKReuwVlY,2,Q2_yrvKReuwVlY_0.mp3,"""Attention"" - Charlie Puth (Piano Cover) - Costantino Carrara"
yrvKReuwVlY,2,Q2_yrvKReuwVlY_1.mp3,"""Attention"" - Charlie Puth (Piano Cover) - Costantino Carrara"
yrvKReuwVlY,2,Q2_yrvKReuwVlY_2.mp3,"""Attention"" - Charlie Puth (Piano Cover) - Costantino Carrara"
yrvKReuwVlY,2,Q2_yrvKReuwVlY_3.mp3,"""Attention"" - Charlie Puth (Piano Cover) - Costantino Carrara"
yZGBxiNPu3k,2,Q2_yZGBxiNPu3k_0.mp3,Game of Thrones - Main Theme (Piano Version) + Sheet Music
yZGBxiNPu3k,3,Q3_yZGBxiNPu3k_1.mp3,Game of Thrones - Main Theme (Piano Version) + Sheet Music
yZGBxiNPu3k,3,Q3_yZGBxiNPu3k_2.mp3,Game of Thrones - Main Theme (Piano Version) + Sheet Music
z5ewpQwGDNw,2,Q2_z5ewpQwGDNw_0.mp3,Twenty One Pilots - Heathens (Suicide Squad Soundtrack) Piano Cover
z5ewpQwGDNw,2,Q2_z5ewpQwGDNw_1.mp3,Twenty One Pilots - Heathens (Suicide Squad Soundtrack) Piano Cover
z5ewpQwGDNw,2,Q2_z5ewpQwGDNw_2.mp3,Twenty One Pilots - Heathens (Suicide Squad Soundtrack) Piano Cover
ZTrEoB8T9YA,2,Q2_ZTrEoB8T9YA_0.mp3,Final Fantasy VII Remake - Battle Theme (Piano Collections) [Advanced]
ZTrEoB8T9YA,2,Q2_ZTrEoB8T9YA_1.mp3,Final Fantasy VII Remake - Battle Theme (Piano Collections) [Advanced]
ZTrEoB8T9YA,2,Q2_ZTrEoB8T9YA_2.mp3,Final Fantasy VII Remake - Battle Theme (Piano Collections) [Advanced]
_FVzelKlBFs,2,Q2__FVzelKlBFs_0.mp3,"INSANE Attack on Titan Season 4 (Final Season) OP - ""Boku no Sensou"" / ""My War"" (Piano)"
_FVzelKlBFs,2,Q2__FVzelKlBFs_1.mp3,"INSANE Attack on Titan Season 4 (Final Season) OP - ""Boku no Sensou"" / ""My War"" (Piano)"
_FVzelKlBFs,2,Q2__FVzelKlBFs_2.mp3,"INSANE Attack on Titan Season 4 (Final Season) OP - ""Boku no Sensou"" / ""My War"" (Piano)"
-vAz_HTFEXs,3,Q3_-vAz_HTFEXs_0.mp3,Le Vieillard
-vAz_HTFEXs,3,Q3_-vAz_HTFEXs_1.mp3,Le Vieillard
02t1bj7ZABY,3,Q3_02t1bj7ZABY_0.mp3,"""Left Alone"" - Sad & Emotional Piano Song Instrumental"
02t1bj7ZABY,3,Q3_02t1bj7ZABY_1.mp3,"""Left Alone"" - Sad & Emotional Piano Song Instrumental"
02t1bj7ZABY,3,Q3_02t1bj7ZABY_2.mp3,"""Left Alone"" - Sad & Emotional Piano Song Instrumental"
0wRQRwnQiqY,3,Q3_0wRQRwnQiqY_0.mp3,Mother
16OaOpfOPZ0,2,Q2_16OaOpfOPZ0_2.mp3,The Ring - The Well on Piano (Scary!) | + Sheet music
16OaOpfOPZ0,2,Q2_16OaOpfOPZ0_3.mp3,The Ring - The Well on Piano (Scary!) | + Sheet music
16OaOpfOPZ0,3,Q3_16OaOpfOPZ0_0.mp3,The Ring - The Well on Piano (Scary!) | + Sheet music
16OaOpfOPZ0,3,Q3_16OaOpfOPZ0_1.mp3,The Ring - The Well on Piano (Scary!) | + Sheet music
1cgO42sh-ZY,3,Q3_1cgO42sh-ZY_0.mp3,Falling To Pieces - *SAD* Piano Beautiful Song Instrumental
1kny88W533Q,2,Q2_1kny88W533Q_0.mp3,Hopeless - myuu
1kny88W533Q,2,Q2_1kny88W533Q_2.mp3,Hopeless - myuu
1kny88W533Q,2,Q2_1kny88W533Q_3.mp3,Hopeless - myuu
1kny88W533Q,2,Q2_1kny88W533Q_4.mp3,Hopeless - myuu
1kny88W533Q,3,Q3_1kny88W533Q_1.mp3,Hopeless - myuu
1Q3MoBFh6eU,2,Q2_1Q3MoBFh6eU_1.mp3,Sous L'eau
1Q3MoBFh6eU,3,Q3_1Q3MoBFh6eU_0.mp3,Sous L'eau
1Q3MoBFh6eU,3,Q3_1Q3MoBFh6eU_2.mp3,Sous L'eau
2eIsQtm4YNs,3,Q3_2eIsQtm4YNs_0.mp3,gloomy piano music
2eIsQtm4YNs,3,Q3_2eIsQtm4YNs_1.mp3,gloomy piano music
2v6gJi03LlA,3,Q3_2v6gJi03LlA_0.mp3,Resident Evil Outbreak Main Theme (Piano Version)
2v6gJi03LlA,3,Q3_2v6gJi03LlA_1.mp3,Resident Evil Outbreak Main Theme (Piano Version)
3ZnxqCZ7qGg,2,Q2_3ZnxqCZ7qGg_1.mp3,Yann Tiersen - Stang Al Laedroun (Official Audio)
3ZnxqCZ7qGg,2,Q2_3ZnxqCZ7qGg_2.mp3,Yann Tiersen - Stang Al Laedroun (Official Audio)
3ZnxqCZ7qGg,3,Q3_3ZnxqCZ7qGg_0.mp3,Yann Tiersen - Stang Al Laedroun (Official Audio)
48EYLEAgaBc,2,Q2_48EYLEAgaBc_0.mp3,Nadir
48EYLEAgaBc,2,Q2_48EYLEAgaBc_1.mp3,Nadir
4Er-eFHSHA4,3,Q3_4Er-eFHSHA4_0.mp3,Minister Knows Best
4Er-eFHSHA4,3,Q3_4Er-eFHSHA4_1.mp3,Minister Knows Best
4Er-eFHSHA4,3,Q3_4Er-eFHSHA4_2.mp3,Minister Knows Best
4Er-eFHSHA4,3,Q3_4Er-eFHSHA4_3.mp3,Minister Knows Best
6oLmO9ZSJt0,4,Q4_6oLmO9ZSJt0_0.mp3,My Mistakes - Love Piano Ballad Instrumental Song
6oLmO9ZSJt0,4,Q4_6oLmO9ZSJt0_1.mp3,My Mistakes - Love Piano Ballad Instrumental Song
7JIdJLkJ0S4,3,Q3_7JIdJLkJ0S4_0.mp3,Dark Piano Music - Insanity (Original Composition)
7JIdJLkJ0S4,3,Q3_7JIdJLkJ0S4_1.mp3,Dark Piano Music - Insanity (Original Composition)
7JIdJLkJ0S4,3,Q3_7JIdJLkJ0S4_2.mp3,Dark Piano Music - Insanity (Original Composition)
7JIdJLkJ0S4,3,Q3_7JIdJLkJ0S4_3.mp3,Dark Piano Music - Insanity (Original Composition)
9Xg69XrVaYU,3,Q3_9Xg69XrVaYU_0.mp3,Sad Piano Music - Gone (Original Composition)
9Xg69XrVaYU,3,Q3_9Xg69XrVaYU_1.mp3,Sad Piano Music - Gone (Original Composition)
9Xg69XrVaYU,3,Q3_9Xg69XrVaYU_2.mp3,Sad Piano Music - Gone (Original Composition)
Adil-zpJdEs,3,Q3_Adil-zpJdEs_0.mp3,Forgive Me - Sad & Emotional Piano Song Instrumental
bbU31JLtlug,3,Q3_bbU31JLtlug_0.mp3,Agnes Obel - Chord Left (Official Audio)
bbU31JLtlug,3,Q3_bbU31JLtlug_1.mp3,Agnes Obel - Chord Left (Official Audio)
By3JCii1k3w,3,Q3_By3JCii1k3w_0.mp3,Michael Ortega - Last Memory
By3JCii1k3w,3,Q3_By3JCii1k3w_1.mp3,Michael Ortega - Last Memory
By3JCii1k3w,3,Q3_By3JCii1k3w_2.mp3,Michael Ortega - Last Memory
c6CwY8Gbw0c,3,Q3_c6CwY8Gbw0c_0.mp3,Hurt - Sad Heartbreaking Crying Depressing Piano
c6CwY8Gbw0c,3,Q3_c6CwY8Gbw0c_1.mp3,Hurt - Sad Heartbreaking Crying Depressing Piano
c6CwY8Gbw0c,3,Q3_c6CwY8Gbw0c_2.mp3,Hurt - Sad Heartbreaking Crying Depressing Piano
c6CwY8Gbw0c,3,Q3_c6CwY8Gbw0c_3.mp3,Hurt - Sad Heartbreaking Crying Depressing Piano
c6CwY8Gbw0c,3,Q3_c6CwY8Gbw0c_4.mp3,Hurt - Sad Heartbreaking Crying Depressing Piano
cCfEDTkuMvg,3,Q3_cCfEDTkuMvg_0.mp3,Michael Ortega - “One Last Time” (Emotional Piano)
D3onzY4MNxE,3,Q3_D3onzY4MNxE_0.mp3,"""Teardrops"" - Beautiful Sad Piano Instrumental Song"
D3onzY4MNxE,3,Q3_D3onzY4MNxE_1.mp3,"""Teardrops"" - Beautiful Sad Piano Instrumental Song"
D8Ed5PZXfF4,4,Q4_D8Ed5PZXfF4_0.mp3,Learning To Live
dCoUuknChhE,3,Q3_dCoUuknChhE_0.mp3,W A I T - *SAD* Lewis Capaldi Type Piano Song
egYSmNuIFGk,3,Q3_egYSmNuIFGk_1.mp3,Enchantement
egYSmNuIFGk,3,Q3_egYSmNuIFGk_2.mp3,Enchantement
egYSmNuIFGk,4,Q4_egYSmNuIFGk_0.mp3,Enchantement
epMOLn5Axw0,3,Q3_epMOLn5Axw0_0.mp3,"""Broken Hearts"" (Extended Orchestral Version) by Michael Ortega"
f0NbGeyJYms,3,Q3_f0NbGeyJYms_0.mp3,"Michael Ortega - “Between Us"" (Sad Piano)"
FH28sPhm9Dc,3,Q3_FH28sPhm9Dc_0.mp3,If I Fall - Sad & Emotional Piano Song Instrumental
FH28sPhm9Dc,3,Q3_FH28sPhm9Dc_1.mp3,If I Fall - Sad & Emotional Piano Song Instrumental
fnqb8zqHqdY,3,Q3_fnqb8zqHqdY_0.mp3,"""Lose You"" - Sad & Emotional Piano Song Instrumental"
fnqb8zqHqdY,3,Q3_fnqb8zqHqdY_1.mp3,"""Lose You"" - Sad & Emotional Piano Song Instrumental"
fnqb8zqHqdY,3,Q3_fnqb8zqHqdY_2.mp3,"""Lose You"" - Sad & Emotional Piano Song Instrumental"
FOcdHIhI0_s,3,Q3_FOcdHIhI0_s_0.mp3,Endless Melancholy - November
FOcdHIhI0_s,3,Q3_FOcdHIhI0_s_1.mp3,Endless Melancholy - November
FUAK5TBaNY8,2,Q2_FUAK5TBaNY8_1.mp3,Michael Ortega -“Infinity” (Emotional Piano)
FUAK5TBaNY8,3,Q3_FUAK5TBaNY8_0.mp3,Michael Ortega -“Infinity” (Emotional Piano)
FUAK5TBaNY8,3,Q3_FUAK5TBaNY8_2.mp3,Michael Ortega -“Infinity” (Emotional Piano)
FUAK5TBaNY8,3,Q3_FUAK5TBaNY8_3.mp3,Michael Ortega -“Infinity” (Emotional Piano)
fuCxYrru2S4,2,Q2_fuCxYrru2S4_1.mp3,"28 Days Later Theme (In the House, In a Heartbeat) Piano Version"
fuCxYrru2S4,2,Q2_fuCxYrru2S4_2.mp3,"28 Days Later Theme (In the House, In a Heartbeat) Piano Version"
fuCxYrru2S4,3,Q3_fuCxYrru2S4_0.mp3,"28 Days Later Theme (In the House, In a Heartbeat) Piano Version"
g-yM0Lsp4lc,4,Q4_g-yM0Lsp4lc_0.mp3,Song for Selma
g-yM0Lsp4lc,4,Q4_g-yM0Lsp4lc_1.mp3,Song for Selma
G4rL_OtfFAU,3,Q3_G4rL_OtfFAU_0.mp3,You Left Me - *SAD* Beautiful Piano Song Instrumental
G4rL_OtfFAU,3,Q3_G4rL_OtfFAU_1.mp3,You Left Me - *SAD* Beautiful Piano Song Instrumental
gvWDOIiocuE,2,Q2_gvWDOIiocuE_1.mp3,Sad Piano - End
gvWDOIiocuE,3,Q3_gvWDOIiocuE_0.mp3,Sad Piano - End
gvWDOIiocuE,3,Q3_gvWDOIiocuE_2.mp3,Sad Piano - End
H6_7DjsbROQ,3,Q3_H6_7DjsbROQ_0.mp3,Flowers
H6_7DjsbROQ,3,Q3_H6_7DjsbROQ_1.mp3,Flowers
H6_7DjsbROQ,3,Q3_H6_7DjsbROQ_2.mp3,Flowers
H6_7DjsbROQ,3,Q3_H6_7DjsbROQ_3.mp3,Flowers
H6_7DjsbROQ,3,Q3_H6_7DjsbROQ_4.mp3,Flowers
IH2KrGjKXw0,1,Q1_IH2KrGjKXw0_3.mp3,Nuvole Bianche - Ludovico Einaudi \\ Jacob's Piano
IH2KrGjKXw0,3,Q3_IH2KrGjKXw0_0.mp3,Nuvole Bianche - Ludovico Einaudi \\ Jacob's Piano
IH2KrGjKXw0,3,Q3_IH2KrGjKXw0_1.mp3,Nuvole Bianche - Ludovico Einaudi \\ Jacob's Piano
IH2KrGjKXw0,3,Q3_IH2KrGjKXw0_2.mp3,Nuvole Bianche - Ludovico Einaudi \\ Jacob's Piano
iRu9KQvbtVw,3,Q3_iRu9KQvbtVw_0.mp3,Traced overhead Op. 15 (1990) : Sursum
ISCVfmBvYoM,3,Q3_ISCVfmBvYoM_0.mp3,Michael Ortega - illusions
iwxwLEvqeD8,2,Q2_iwxwLEvqeD8_1.mp3,"Michael Ortega - “SAD"" (Sad Piano Song)"
iwxwLEvqeD8,3,Q3_iwxwLEvqeD8_0.mp3,"Michael Ortega - “SAD"" (Sad Piano Song)"
JNzqL24ZcZ8,3,Q3_JNzqL24ZcZ8_0.mp3,Sad Piano - Lonely
JNzqL24ZcZ8,3,Q3_JNzqL24ZcZ8_1.mp3,Sad Piano - Lonely
JNzqL24ZcZ8,3,Q3_JNzqL24ZcZ8_2.mp3,Sad Piano - Lonely
K84TcgjCRt4,3,Q3_K84TcgjCRt4_0.mp3,Michael Ortega - “Lonely Heart”
K84TcgjCRt4,3,Q3_K84TcgjCRt4_1.mp3,Michael Ortega - “Lonely Heart”
K84TcgjCRt4,3,Q3_K84TcgjCRt4_2.mp3,Michael Ortega - “Lonely Heart”
kDGmND1BgmA,3,Q3_kDGmND1BgmA_0.mp3,Siesta Norteña
kDGmND1BgmA,3,Q3_kDGmND1BgmA_1.mp3,Siesta Norteña
kopwU6zpS4k,3,Q3_kopwU6zpS4k_0.mp3,Aún Te Amo - Sad Piano (Esta Canción Te Hará Llorar)
ltxNPJda7zE,3,Q3_ltxNPJda7zE_2.mp3,"Michael Ortega - “No More Lies"" (Sad Piano)"
ltxNPJda7zE,4,Q4_ltxNPJda7zE_0.mp3,"Michael Ortega - “No More Lies"" (Sad Piano)"
ltxNPJda7zE,4,Q4_ltxNPJda7zE_1.mp3,"Michael Ortega - “No More Lies"" (Sad Piano)"
ltxNPJda7zE,4,Q4_ltxNPJda7zE_3.mp3,"Michael Ortega - “No More Lies"" (Sad Piano)"
ltxNPJda7zE,4,Q4_ltxNPJda7zE_4.mp3,"Michael Ortega - “No More Lies"" (Sad Piano)"
MbvPxCUMSek,3,Q3_MbvPxCUMSek_0.mp3,Emptiness
MbvPxCUMSek,3,Q3_MbvPxCUMSek_1.mp3,Emptiness
MbvPxCUMSek,3,Q3_MbvPxCUMSek_2.mp3,Emptiness
nBao46YGZDg,3,Q3_nBao46YGZDg_0.mp3,under the deep Sea
nBIls0laAAU,3,Q3_nBIls0laAAU_0.mp3,Michael Ortega - I Promise You
nBIls0laAAU,3,Q3_nBIls0laAAU_1.mp3,Michael Ortega - I Promise You
nBIls0laAAU,3,Q3_nBIls0laAAU_2.mp3,Michael Ortega - I Promise You
nFunbdBrukY,3,Q3_nFunbdBrukY_0.mp3,"Michael Ortega - ""Far Away"" (Sad Piano)"
NTI9ode6bRk,3,Q3_NTI9ode6bRk_0.mp3,I Feel Lonely - Sad Heartbreaking Emotional Depressing Piano
NTI9ode6bRk,3,Q3_NTI9ode6bRk_1.mp3,I Feel Lonely - Sad Heartbreaking Emotional Depressing Piano
Oku8sIpTMAE,3,Q3_Oku8sIpTMAE_0.mp3,Hidden Beneath
Oku8sIpTMAE,3,Q3_Oku8sIpTMAE_1.mp3,Hidden Beneath
Oku8sIpTMAE,3,Q3_Oku8sIpTMAE_2.mp3,Hidden Beneath
Oku8sIpTMAE,3,Q3_Oku8sIpTMAE_3.mp3,Hidden Beneath
Oku8sIpTMAE,3,Q3_Oku8sIpTMAE_4.mp3,Hidden Beneath
p2qihp_PnLY,3,Q3_p2qihp_PnLY_0.mp3,Michael Ortega - Despair (Sad Piano)
p2qihp_PnLY,3,Q3_p2qihp_PnLY_1.mp3,Michael Ortega - Despair (Sad Piano)
pbVGv_g4n50,3,Q3_pbVGv_g4n50_0.mp3,"Michael Ortega - ""Hurt"" (Sad Piano)"
PLfFWFZflQU,3,Q3_PLfFWFZflQU_0.mp3,Michael Ortega - “STORM” (Sad Piano)
PLfFWFZflQU,3,Q3_PLfFWFZflQU_1.mp3,Michael Ortega - “STORM” (Sad Piano)
PXOWy7NiZhk,3,Q3_PXOWy7NiZhk_0.mp3,Música callada: Llibre II: XII. Lento
PXOWy7NiZhk,3,Q3_PXOWy7NiZhk_1.mp3,Música callada: Llibre II: XII. Lento
QJlnTN7HRwE,4,Q4_QJlnTN7HRwE_0.mp3,Lonely Times Sad & Emotional Piano Song Instrumental
QJlnTN7HRwE,4,Q4_QJlnTN7HRwE_1.mp3,Lonely Times Sad & Emotional Piano Song Instrumental
QJlnTN7HRwE,4,Q4_QJlnTN7HRwE_2.mp3,Lonely Times Sad & Emotional Piano Song Instrumental
QJlnTN7HRwE,4,Q4_QJlnTN7HRwE_3.mp3,Lonely Times Sad & Emotional Piano Song Instrumental
REq37pDAm3A,2,Q2_REq37pDAm3A_2.mp3,"Michael Ortega - “ Fuego"" (Emotional Piano)"
REq37pDAm3A,3,Q3_REq37pDAm3A_0.mp3,"Michael Ortega - “ Fuego"" (Emotional Piano)"
REq37pDAm3A,3,Q3_REq37pDAm3A_1.mp3,"Michael Ortega - “ Fuego"" (Emotional Piano)"
REq37pDAm3A,3,Q3_REq37pDAm3A_3.mp3,"Michael Ortega - “ Fuego"" (Emotional Piano)"
REq37pDAm3A,3,Q3_REq37pDAm3A_4.mp3,"Michael Ortega - “ Fuego"" (Emotional Piano)"
RL_cmmNVLfs,3,Q3_RL_cmmNVLfs_0.mp3,"Michael Ortega - ""RISE"" ft DYATHON (Emotional Piano)"
rrD7XMtPs0Q,3,Q3_rrD7XMtPs0Q_0.mp3,ONE LAST TIME - Love Piano Ballad Istrumental Song
S1T3UF1vhSk,2,Q2_S1T3UF1vhSk_1.mp3,Dark Piano - Depression
S1T3UF1vhSk,2,Q2_S1T3UF1vhSk_2.mp3,Dark Piano - Depression
S1T3UF1vhSk,3,Q3_S1T3UF1vhSk_0.mp3,Dark Piano - Depression
tfuul78deOs,3,Q3_tfuul78deOs_0.mp3,Michael Ortega - “Te Amo” (la Canción Más Bonita Del Mundo)
tfuul78deOs,3,Q3_tfuul78deOs_1.mp3,Michael Ortega - “Te Amo” (la Canción Más Bonita Del Mundo)
tLmXAWfbGqs,3,Q3_tLmXAWfbGqs_0.mp3,Fragment #5
TonQX8XbvX8,3,Q3_TonQX8XbvX8_0.mp3,listen before I go
TonQX8XbvX8,3,Q3_TonQX8XbvX8_1.mp3,listen before I go
TonQX8XbvX8,3,Q3_TonQX8XbvX8_2.mp3,listen before I go
TonQX8XbvX8,3,Q3_TonQX8XbvX8_3.mp3,listen before I go
tw_lArYiHTo,3,Q3_tw_lArYiHTo_0.mp3,Feel My Pain - *SAD* Beautiful Piano Song Instrumental
TYkTOwBfFB8,3,Q3_TYkTOwBfFB8_0.mp3,Tarfala
TYkTOwBfFB8,3,Q3_TYkTOwBfFB8_1.mp3,Tarfala
uj3Gif77SYM,4,Q4_uj3Gif77SYM_0.mp3,Rise and Fall - myuu
uj3Gif77SYM,4,Q4_uj3Gif77SYM_1.mp3,Rise and Fall - myuu
uj3Gif77SYM,4,Q4_uj3Gif77SYM_2.mp3,Rise and Fall - myuu
uj3Gif77SYM,4,Q4_uj3Gif77SYM_3.mp3,Rise and Fall - myuu
uj3Gif77SYM,4,Q4_uj3Gif77SYM_4.mp3,Rise and Fall - myuu
UuLTvhERcnk,3,Q3_UuLTvhERcnk_0.mp3,I Saw Daddy Today
UuLTvhERcnk,3,Q3_UuLTvhERcnk_1.mp3,I Saw Daddy Today
v2an-9szi8M,4,Q4_v2an-9szi8M_0.mp3,Beauty Within
veG92Oi-DlU,3,Q3_veG92Oi-DlU_0.mp3,I Love You - Piano Love Ballad Instrumental Song
veG92Oi-DlU,3,Q3_veG92Oi-DlU_1.mp3,I Love You - Piano Love Ballad Instrumental Song
veG92Oi-DlU,3,Q3_veG92Oi-DlU_2.mp3,I Love You - Piano Love Ballad Instrumental Song
VrWAZLRdQO8,3,Q3_VrWAZLRdQO8_0.mp3,Charmes: II. Lent
VrWAZLRdQO8,3,Q3_VrWAZLRdQO8_1.mp3,Charmes: II. Lent
vVTP0DOL_2Q,3,Q3_vVTP0DOL_2Q_0.mp3,Sad Piano Music - Isolation (Original Composition)
vVTP0DOL_2Q,3,Q3_vVTP0DOL_2Q_1.mp3,Sad Piano Music - Isolation (Original Composition)
vVTP0DOL_2Q,3,Q3_vVTP0DOL_2Q_2.mp3,Sad Piano Music - Isolation (Original Composition)
vVTP0DOL_2Q,3,Q3_vVTP0DOL_2Q_3.mp3,Sad Piano Music - Isolation (Original Composition)
wfXSdMsd4q8,2,Q2_wfXSdMsd4q8_5.mp3,"Michael Ortega - “Stay With Me"" (Emotional Piano)"
wfXSdMsd4q8,3,Q3_wfXSdMsd4q8_0.mp3,"Michael Ortega - “Stay With Me"" (Emotional Piano)"
wfXSdMsd4q8,3,Q3_wfXSdMsd4q8_1.mp3,"Michael Ortega - “Stay With Me"" (Emotional Piano)"
wfXSdMsd4q8,3,Q3_wfXSdMsd4q8_2.mp3,"Michael Ortega - “Stay With Me"" (Emotional Piano)"
wfXSdMsd4q8,3,Q3_wfXSdMsd4q8_3.mp3,"Michael Ortega - “Stay With Me"" (Emotional Piano)"
wlOa1jkTn_U,3,Q3_wlOa1jkTn_U_0.mp3,Dark Piano - Misery (Original Composition)
wlOa1jkTn_U,3,Q3_wlOa1jkTn_U_1.mp3,Dark Piano - Misery (Original Composition)
wlOa1jkTn_U,3,Q3_wlOa1jkTn_U_2.mp3,Dark Piano - Misery (Original Composition)
wqc8iqbDsGM,3,Q3_wqc8iqbDsGM_0.mp3,"""New Horizon"" ( Sad & Emotional Piano) by Michael Ortega"
wqc8iqbDsGM,3,Q3_wqc8iqbDsGM_1.mp3,"""New Horizon"" ( Sad & Emotional Piano) by Michael Ortega"
wqc8iqbDsGM,3,Q3_wqc8iqbDsGM_2.mp3,"""New Horizon"" ( Sad & Emotional Piano) by Michael Ortega"
wqc8iqbDsGM,3,Q3_wqc8iqbDsGM_3.mp3,"""New Horizon"" ( Sad & Emotional Piano) by Michael Ortega"
wqc8iqbDsGM,3,Q3_wqc8iqbDsGM_4.mp3,"""New Horizon"" ( Sad & Emotional Piano) by Michael Ortega"
wS0RzrBL9UI,3,Q3_wS0RzrBL9UI_0.mp3,Sad Piano - Goodbye
wS0RzrBL9UI,3,Q3_wS0RzrBL9UI_1.mp3,Sad Piano - Goodbye
wS0RzrBL9UI,3,Q3_wS0RzrBL9UI_2.mp3,Sad Piano - Goodbye
x4B0raxVODA,3,Q3_x4B0raxVODA_0.mp3,Dark Piano - Claustrophobia
x4B0raxVODA,3,Q3_x4B0raxVODA_1.mp3,Dark Piano - Claustrophobia
x4B0raxVODA,3,Q3_x4B0raxVODA_2.mp3,Dark Piano - Claustrophobia
x4B0raxVODA,3,Q3_x4B0raxVODA_3.mp3,Dark Piano - Claustrophobia
zjr_-ql5Avk,3,Q3_zjr_-ql5Avk_0.mp3,Sad Piano Music│Gloomy Piano Instrumental│뉴에이지 피아노 연주곡│AmuArt Music - ♬A.21 / Waiting
zjr_-ql5Avk,3,Q3_zjr_-ql5Avk_1.mp3,Sad Piano Music│Gloomy Piano Instrumental│뉴에이지 피아노 연주곡│AmuArt Music - ♬A.21 / Waiting
zjr_-ql5Avk,3,Q3_zjr_-ql5Avk_2.mp3,Sad Piano Music│Gloomy Piano Instrumental│뉴에이지 피아노 연주곡│AmuArt Music - ♬A.21 / Waiting
zMa78n8ULtE,3,Q3_zMa78n8ULtE_0.mp3,David Lang - gravity
zMa78n8ULtE,3,Q3_zMa78n8ULtE_1.mp3,David Lang - gravity
ZvD8QSO7NPw,4,Q4_ZvD8QSO7NPw_0.mp3,Collapse - myuu
ZvD8QSO7NPw,4,Q4_ZvD8QSO7NPw_1.mp3,Collapse - myuu
ZvD8QSO7NPw,4,Q4_ZvD8QSO7NPw_2.mp3,Collapse - myuu
zvWX_dwQPtU,3,Q3_zvWX_dwQPtU_0.mp3,“Te Necesito” (Emotional Piano) Michael Ortega & Jurrivh
zvWX_dwQPtU,3,Q3_zvWX_dwQPtU_1.mp3,“Te Necesito” (Emotional Piano) Michael Ortega & Jurrivh
zvWX_dwQPtU,3,Q3_zvWX_dwQPtU_2.mp3,“Te Necesito” (Emotional Piano) Michael Ortega & Jurrivh
_S991V8N-8s,2,Q2__S991V8N-8s_1.mp3,IT (2017) Main Theme - Every 27 Years [Extended Version] Stephen King's IT
_S991V8N-8s,3,Q3__S991V8N-8s_0.mp3,IT (2017) Main Theme - Every 27 Years [Extended Version] Stephen King's IT
_vZOEQCYSaY,2,Q2__vZOEQCYSaY_1.mp3,First Love - Sad & Emotional Piano Song Instrumental
_vZOEQCYSaY,3,Q3__vZOEQCYSaY_0.mp3,First Love - Sad & Emotional Piano Song Instrumental
_vZOEQCYSaY,3,Q3__vZOEQCYSaY_2.mp3,First Love - Sad & Emotional Piano Song Instrumental
170KC2CbJ7Y,4,Q4_170KC2CbJ7Y_0.mp3,Memories In Red
170KC2CbJ7Y,4,Q4_170KC2CbJ7Y_1.mp3,Memories In Red
3TYeU9idRGI,4,Q4_3TYeU9idRGI_0.mp3,He Saved Me - Emotional relaxing Piano music
3TYeU9idRGI,4,Q4_3TYeU9idRGI_1.mp3,He Saved Me - Emotional relaxing Piano music
5DqIntcmdRI,4,Q4_5DqIntcmdRI_0.mp3,Scenery
5DqIntcmdRI,4,Q4_5DqIntcmdRI_1.mp3,Scenery
7gifuoofgpk,4,Q4_7gifuoofgpk_0.mp3,I Wrote You a Song -  Chad Lawson / You Finally Knew
7gifuoofgpk,4,Q4_7gifuoofgpk_1.mp3,I Wrote You a Song -  Chad Lawson / You Finally Knew
a5QCcwEjxAk,4,Q4_a5QCcwEjxAk_0.mp3,the time has come
a5QCcwEjxAk,4,Q4_a5QCcwEjxAk_1.mp3,the time has come
ADJ_PDauy-g,4,Q4_ADJ_PDauy-g_0.mp3,Remembering
ADJ_PDauy-g,4,Q4_ADJ_PDauy-g_1.mp3,Remembering
ADJ_PDauy-g,4,Q4_ADJ_PDauy-g_2.mp3,Remembering
AjN_5CdVUdw,4,Q4_AjN_5CdVUdw_0.mp3,Older
B3aRl8iTEKw,4,Q4_B3aRl8iTEKw_0.mp3,The Nightingale
B3aRl8iTEKw,4,Q4_B3aRl8iTEKw_1.mp3,The Nightingale
BaHHHgDd0BU,4,Q4_BaHHHgDd0BU_0.mp3,Stephan Moccio - Freddie's Theme (Visualiser)
BaHHHgDd0BU,4,Q4_BaHHHgDd0BU_1.mp3,Stephan Moccio - Freddie's Theme (Visualiser)
Cir1kZyB7QM,4,Q4_Cir1kZyB7QM_0.mp3,All that Glitters
Cir1kZyB7QM,4,Q4_Cir1kZyB7QM_1.mp3,All that Glitters
CkjAksZstEA,4,Q4_CkjAksZstEA_0.mp3,stronger together
CkjAksZstEA,4,Q4_CkjAksZstEA_1.mp3,stronger together
cXxGBDgFCs8,4,Q4_cXxGBDgFCs8_0.mp3,Stretch of Clouds
cXxGBDgFCs8,4,Q4_cXxGBDgFCs8_1.mp3,Stretch of Clouds
cXxGBDgFCs8,4,Q4_cXxGBDgFCs8_2.mp3,Stretch of Clouds
DvIH5yUrboc,4,Q4_DvIH5yUrboc_0.mp3,Jenny Lange - Wheels in Motion
DvIH5yUrboc,4,Q4_DvIH5yUrboc_1.mp3,Jenny Lange - Wheels in Motion
DvIH5yUrboc,4,Q4_DvIH5yUrboc_2.mp3,Jenny Lange - Wheels in Motion
Dw7M69CidJ8,4,Q4_Dw7M69CidJ8_0.mp3,Reveries
Dw7M69CidJ8,4,Q4_Dw7M69CidJ8_1.mp3,Reveries
Dw7M69CidJ8,4,Q4_Dw7M69CidJ8_2.mp3,Reveries
Dw7M69CidJ8,4,Q4_Dw7M69CidJ8_3.mp3,Reveries
E6MARl3zjnQ,4,Q4_E6MARl3zjnQ_0.mp3,Rouen Les Essarts
f2b4kpdw7_c,4,Q4_f2b4kpdw7_c_0.mp3,Asta Hedegaard - After Time
f2b4kpdw7_c,4,Q4_f2b4kpdw7_c_1.mp3,Asta Hedegaard - After Time
FoTXpYZXxJs,4,Q4_FoTXpYZXxJs_0.mp3,S.A. Karl - Aldebaran
FoTXpYZXxJs,4,Q4_FoTXpYZXxJs_1.mp3,S.A. Karl - Aldebaran
fOYX0uH8mSQ,4,Q4_fOYX0uH8mSQ_0.mp3,Albert Puck - mondaufgang (2020)
FSzOgraSKhs,4,Q4_FSzOgraSKhs_0.mp3,Vestrahorn
FSzOgraSKhs,4,Q4_FSzOgraSKhs_1.mp3,Vestrahorn
FyK_c-TIcCA,4,Q4_FyK_c-TIcCA_0.mp3,Deliquescence
FyK_c-TIcCA,4,Q4_FyK_c-TIcCA_1.mp3,Deliquescence
FyK_c-TIcCA,4,Q4_FyK_c-TIcCA_2.mp3,Deliquescence
gxsdWKc1QaM,4,Q4_gxsdWKc1QaM_0.mp3,Circles
heBmBQDWj-M,4,Q4_heBmBQDWj-M_0.mp3,Forgiveness
heBmBQDWj-M,4,Q4_heBmBQDWj-M_1.mp3,Forgiveness
heBmBQDWj-M,4,Q4_heBmBQDWj-M_2.mp3,Forgiveness
hoPp_GLXQis,4,Q4_hoPp_GLXQis_0.mp3,Tuga Topić - Stirling
hoPp_GLXQis,4,Q4_hoPp_GLXQis_1.mp3,Tuga Topić - Stirling
HQ8ISDX6PiI,4,Q4_HQ8ISDX6PiI_0.mp3,Minik Jakobsen - Limerence
HQ8ISDX6PiI,4,Q4_HQ8ISDX6PiI_1.mp3,Minik Jakobsen - Limerence
Hwd6l9jK7bo,4,Q4_Hwd6l9jK7bo_0.mp3,Haakon Stange - Finding Hope
Hwd6l9jK7bo,4,Q4_Hwd6l9jK7bo_1.mp3,Haakon Stange - Finding Hope
HYVmgq5Y93g,4,Q4_HYVmgq5Y93g_0.mp3,Vancouver
HYVmgq5Y93g,4,Q4_HYVmgq5Y93g_1.mp3,Vancouver
HYVmgq5Y93g,4,Q4_HYVmgq5Y93g_2.mp3,Vancouver
I2MrA-o5H8I,4,Q4_I2MrA-o5H8I_0.mp3,Stephan Moccio - Lumière
I2MrA-o5H8I,4,Q4_I2MrA-o5H8I_1.mp3,Stephan Moccio - Lumière
I2MrA-o5H8I,4,Q4_I2MrA-o5H8I_2.mp3,Stephan Moccio - Lumière
IgpNyJVWcBo,4,Q4_IgpNyJVWcBo_0.mp3,Love Will Set Us Free
j8Ir-ssM-AA,4,Q4_j8Ir-ssM-AA_0.mp3,Jenny Lange - Spritual
j8Ir-ssM-AA,4,Q4_j8Ir-ssM-AA_1.mp3,Jenny Lange - Spritual
jNzZCplNNyY,4,Q4_jNzZCplNNyY_0.mp3,Sleeping Sunrise
jNzZCplNNyY,4,Q4_jNzZCplNNyY_1.mp3,Sleeping Sunrise
jSWItJI-Gmk,4,Q4_jSWItJI-Gmk_0.mp3,Cloud Postcards
jSWItJI-Gmk,4,Q4_jSWItJI-Gmk_1.mp3,Cloud Postcards
JxSU49jFKwM,4,Q4_JxSU49jFKwM_0.mp3,Der Wandervogel
JxSU49jFKwM,4,Q4_JxSU49jFKwM_1.mp3,Der Wandervogel
k6aLLVX1D7Y,4,Q4_k6aLLVX1D7Y_0.mp3,Continuo
k6aLLVX1D7Y,4,Q4_k6aLLVX1D7Y_1.mp3,Continuo
k6aLLVX1D7Y,4,Q4_k6aLLVX1D7Y_2.mp3,Continuo
kfYaGryaGzI,4,Q4_kfYaGryaGzI_0.mp3,As We Fall In Love Again
kfYaGryaGzI,4,Q4_kfYaGryaGzI_1.mp3,As We Fall In Love Again
kMHiU0fhWVw,4,Q4_kMHiU0fhWVw_0.mp3,Dück: A New Day
kMHiU0fhWVw,4,Q4_kMHiU0fhWVw_1.mp3,Dück: A New Day
kMHiU0fhWVw,4,Q4_kMHiU0fhWVw_2.mp3,Dück: A New Day
kMHiU0fhWVw,4,Q4_kMHiU0fhWVw_3.mp3,Dück: A New Day
lQCrA2TE-fo,4,Q4_lQCrA2TE-fo_0.mp3,Samuel Félix - Départ
lQCrA2TE-fo,4,Q4_lQCrA2TE-fo_1.mp3,Samuel Félix - Départ
lTxVVdhFE6Q,4,Q4_lTxVVdhFE6Q_0.mp3,Crossing Paths
lTxVVdhFE6Q,4,Q4_lTxVVdhFE6Q_1.mp3,Crossing Paths
lvfNo4KOTmM,4,Q4_lvfNo4KOTmM_0.mp3,Aron Edwards - Maiden´s Blush
lvfNo4KOTmM,4,Q4_lvfNo4KOTmM_1.mp3,Aron Edwards - Maiden´s Blush
mGYKWCVnMwQ,4,Q4_mGYKWCVnMwQ_0.mp3,Riego de Agua
mGYKWCVnMwQ,4,Q4_mGYKWCVnMwQ_1.mp3,Riego de Agua
NzJjMGJg1wE,4,Q4_NzJjMGJg1wE_0.mp3,Zdenek Lemelin - Des ponts plutôt que des murs
OoxI6k0Qsno,4,Q4_OoxI6k0Qsno_0.mp3,Lihua Zhao - Familiar Grounds
OoxI6k0Qsno,4,Q4_OoxI6k0Qsno_1.mp3,Lihua Zhao - Familiar Grounds
oTi57hZfArE,4,Q4_oTi57hZfArE_0.mp3,Memory Lane
oTi57hZfArE,4,Q4_oTi57hZfArE_1.mp3,Memory Lane
oTi57hZfArE,4,Q4_oTi57hZfArE_2.mp3,Memory Lane
PK8YIUaV3Xw,4,Q4_PK8YIUaV3Xw_0.mp3,Claribel Ramón - Con el tiempo todo se consigue
PK8YIUaV3Xw,4,Q4_PK8YIUaV3Xw_1.mp3,Claribel Ramón - Con el tiempo todo se consigue
pkz8OkWhwnk,4,Q4_pkz8OkWhwnk_0.mp3,INRELOAD - HOME
pkz8OkWhwnk,4,Q4_pkz8OkWhwnk_1.mp3,INRELOAD - HOME
prUUays30Mg,4,Q4_prUUays30Mg_0.mp3,Inreload - Bedtime
prUUays30Mg,4,Q4_prUUays30Mg_1.mp3,Inreload - Bedtime
pzeHffxmdcE,4,Q4_pzeHffxmdcE_0.mp3,Vals De Rodrigues
Q49PWE0RJLY,4,Q4_Q49PWE0RJLY_0.mp3,Satin Night
Q49PWE0RJLY,4,Q4_Q49PWE0RJLY_1.mp3,Satin Night
q4T8Znozvkk,4,Q4_q4T8Znozvkk_0.mp3,Softly Spoken
qRceKZtwRWA,3,Q3_qRceKZtwRWA_1.mp3,Litany
qRceKZtwRWA,4,Q4_qRceKZtwRWA_0.mp3,Litany
rDhbGjFlKF8,4,Q4_rDhbGjFlKF8_0.mp3,Libor Kolman - N'abandonne pas
rDhbGjFlKF8,4,Q4_rDhbGjFlKF8_1.mp3,Libor Kolman - N'abandonne pas
rW1I58_lMEg,4,Q4_rW1I58_lMEg_0.mp3,Mar De Ardora
rW1I58_lMEg,4,Q4_rW1I58_lMEg_1.mp3,Mar De Ardora
rW1I58_lMEg,4,Q4_rW1I58_lMEg_2.mp3,Mar De Ardora
rW1I58_lMEg,4,Q4_rW1I58_lMEg_3.mp3,Mar De Ardora
r_sD61KeUQU,4,Q4_r_sD61KeUQU_0.mp3,"""Oh Endless Day"" by Philip Daniel. Footage by Jonathan Edwards"
TOXg4-ZGb-g,4,Q4_TOXg4-ZGb-g_0.mp3,Samarcande
TOXg4-ZGb-g,4,Q4_TOXg4-ZGb-g_1.mp3,Samarcande
TOXg4-ZGb-g,4,Q4_TOXg4-ZGb-g_2.mp3,Samarcande
UaYYMRkHMYc,4,Q4_UaYYMRkHMYc_0.mp3,Stephan Moccio - Sea Change (Visualiser)
UaYYMRkHMYc,4,Q4_UaYYMRkHMYc_1.mp3,Stephan Moccio - Sea Change (Visualiser)
UaYYMRkHMYc,4,Q4_UaYYMRkHMYc_2.mp3,Stephan Moccio - Sea Change (Visualiser)
UbKAl4roB8k,4,Q4_UbKAl4roB8k_0.mp3,La Storia
UbKAl4roB8k,4,Q4_UbKAl4roB8k_1.mp3,La Storia
UbKAl4roB8k,4,Q4_UbKAl4roB8k_2.mp3,La Storia
uUtnyA6tLnI,4,Q4_uUtnyA6tLnI_0.mp3,Zuzana Kudová - Prozatím
u_7b9CwyM8Q,4,Q4_u_7b9CwyM8Q_0.mp3,Le Beau
u_7b9CwyM8Q,4,Q4_u_7b9CwyM8Q_1.mp3,Le Beau
v3Nl5rUxLqE,4,Q4_v3Nl5rUxLqE_0.mp3,Shy Paws
v3Nl5rUxLqE,4,Q4_v3Nl5rUxLqE_1.mp3,Shy Paws
VCSDjQxAJzc,4,Q4_VCSDjQxAJzc_0.mp3,Aron Edwards - Starling
VCSDjQxAJzc,4,Q4_VCSDjQxAJzc_1.mp3,Aron Edwards - Starling
VCSDjQxAJzc,4,Q4_VCSDjQxAJzc_2.mp3,Aron Edwards - Starling
vpTguZtJAFA,4,Q4_vpTguZtJAFA_0.mp3,The Dreams We Left Behind
vpTguZtJAFA,4,Q4_vpTguZtJAFA_1.mp3,The Dreams We Left Behind
vpTguZtJAFA,4,Q4_vpTguZtJAFA_2.mp3,The Dreams We Left Behind
V_jbWvQNh5c,4,Q4_V_jbWvQNh5c_0.mp3,Heart Questions
V_jbWvQNh5c,4,Q4_V_jbWvQNh5c_1.mp3,Heart Questions
xgtwQGeB6_0,4,Q4_xgtwQGeB6_0_0.mp3,Dream Until the First Rays of Dawn
Xlv4PPGrRRs,4,Q4_Xlv4PPGrRRs_0.mp3,Late Spring
Xlv4PPGrRRs,4,Q4_Xlv4PPGrRRs_1.mp3,Late Spring
Y1F0c3zgMJo,4,Q4_Y1F0c3zgMJo_0.mp3,verträumt
Y1F0c3zgMJo,4,Q4_Y1F0c3zgMJo_1.mp3,verträumt
YAAxPW1GB7w,4,Q4_YAAxPW1GB7w_0.mp3,Tosh Møller - Alene uden dig
YAAxPW1GB7w,4,Q4_YAAxPW1GB7w_1.mp3,Tosh Møller - Alene uden dig
yC0fAQxGgr0,4,Q4_yC0fAQxGgr0_0.mp3,Time
yC0fAQxGgr0,4,Q4_yC0fAQxGgr0_1.mp3,Time
7n32BtYb4d4,2,Q2_7n32BtYb4d4_0.mp3,Spider-Man vs Electro (Piano Version)
7n32BtYb4d4,2,Q2_7n32BtYb4d4_1.mp3,Spider-Man vs Electro (Piano Version)
7n32BtYb4d4,2,Q2_7n32BtYb4d4_2.mp3,Spider-Man vs Electro (Piano Version)
7n32BtYb4d4,2,Q2_7n32BtYb4d4_3.mp3,Spider-Man vs Electro (Piano Version)
miqLU2739dk,1,Q1_miqLU2739dk_1.mp3,The Mandalorian - Main Theme (Piano Version)
miqLU2739dk,2,Q2_miqLU2739dk_0.mp3,The Mandalorian - Main Theme (Piano Version)
DhnX54kOW8U,2,Q2_DhnX54kOW8U_0.mp3,Pirates of the Caribbean 3 - One Day (Piano Version)
Iq6g_4AwUWs,2,Q2_Iq6g_4AwUWs_0.mp3,Star Wars - The Force Theme (Piano Version)
Iq6g_4AwUWs,2,Q2_Iq6g_4AwUWs_1.mp3,Star Wars - The Force Theme (Piano Version)
cQp1BYDGcRo,2,Q2_cQp1BYDGcRo_0.mp3,The Last Samurai - Main Theme (Piano Version)
cQp1BYDGcRo,2,Q2_cQp1BYDGcRo_1.mp3,The Last Samurai - Main Theme (Piano Version)
GwdQliEv6Z0,2,Q2_GwdQliEv6Z0_0.mp3,Toss a Coin to Your Witcher (Piano Version)
GwdQliEv6Z0,2,Q2_GwdQliEv6Z0_1.mp3,Toss a Coin to Your Witcher (Piano Version)
eGQUZ9FlUJ4,2,Q2_eGQUZ9FlUJ4_0.mp3,Pirates of the Caribbean 2 - Davy Jones (Piano Version)
eGQUZ9FlUJ4,2,Q2_eGQUZ9FlUJ4_1.mp3,Pirates of the Caribbean 2 - Davy Jones (Piano Version)
jrVXitpLGMk,2,Q2_jrVXitpLGMk_0.mp3,Pirates of the Caribbean 3 - Up Is Down (Piano Version)
jrVXitpLGMk,2,Q2_jrVXitpLGMk_1.mp3,Pirates of the Caribbean 3 - Up Is Down (Piano Version)
jrVXitpLGMk,2,Q2_jrVXitpLGMk_2.mp3,Pirates of the Caribbean 3 - Up Is Down (Piano Version)
mlHheZbblT0,2,Q2_mlHheZbblT0_0.mp3,Frozen 2 - Into the Unknown (Piano Version)
mlHheZbblT0,2,Q2_mlHheZbblT0_1.mp3,Frozen 2 - Into the Unknown (Piano Version)
ZdyiXIlKe_Y,2,Q2_ZdyiXIlKe_Y_0.mp3,Star Wars - Across the Stars (Piano Version)
ZdyiXIlKe_Y,2,Q2_ZdyiXIlKe_Y_1.mp3,Star Wars - Across the Stars (Piano Version)
0qYNvMCEwaw,2,Q2_0qYNvMCEwaw_0.mp3,Nella Cerniera (Bruno Bucciarati's Theme from JoJo's Bizarre Adventure Golden Wind) - Piano Tutorial
L3_TadjSQQ0,2,Q2_L3_TadjSQQ0_0.mp3,Tension Rising- Piano Arrangement (Sheets Available)
L3_TadjSQQ0,2,Q2_L3_TadjSQQ0_1.mp3,Tension Rising- Piano Arrangement (Sheets Available)
UTo7E0evQWw,2,Q2_UTo7E0evQWw_0.mp3,NARUTO - Sadness and Sorrow (Grand Piano Cover) + Sheet Music
x5ibvz38jOs,2,Q2_x5ibvz38jOs_0.mp3,Harry Potter 7.2 - Lily's Theme / Statues / Courtyard Apocalypse (Piano Medley)
x5ibvz38jOs,2,Q2_x5ibvz38jOs_1.mp3,Harry Potter 7.2 - Lily's Theme / Statues / Courtyard Apocalypse (Piano Medley)
8c7kcmsnf-s,2,Q2_8c7kcmsnf-s_0.mp3,Wonder Woman 1984 - Themyscira (Piano Version)
8c7kcmsnf-s,2,Q2_8c7kcmsnf-s_1.mp3,Wonder Woman 1984 - Themyscira (Piano Version)
8c7kcmsnf-s,2,Q2_8c7kcmsnf-s_2.mp3,Wonder Woman 1984 - Themyscira (Piano Version)
lalnGhxT3PQ,2,Q2_lalnGhxT3PQ_0.mp3,TENET - Main Theme (Piano Version)
lalnGhxT3PQ,2,Q2_lalnGhxT3PQ_1.mp3,TENET - Main Theme (Piano Version)
0J7lX-Tcx-w,2,Q2_0J7lX-Tcx-w_0.mp3,"Attack on Titan: Season 4 Opening - My War / ""Boku no Sensou"" (Piano Version)"
0J7lX-Tcx-w,2,Q2_0J7lX-Tcx-w_1.mp3,"Attack on Titan: Season 4 Opening - My War / ""Boku no Sensou"" (Piano Version)"
0J7lX-Tcx-w,2,Q2_0J7lX-Tcx-w_2.mp3,"Attack on Titan: Season 4 Opening - My War / ""Boku no Sensou"" (Piano Version)"
f2BXXa7lPuE,2,Q2_f2BXXa7lPuE_0.mp3,Rush - Lost but Won (Piano Version)
f2BXXa7lPuE,2,Q2_f2BXXa7lPuE_1.mp3,Rush - Lost but Won (Piano Version)
f2BXXa7lPuE,2,Q2_f2BXXa7lPuE_2.mp3,Rush - Lost but Won (Piano Version)
f2BXXa7lPuE,2,Q2_f2BXXa7lPuE_3.mp3,Rush - Lost but Won (Piano Version)
JMt4m608s3k,2,Q2_JMt4m608s3k_0.mp3,SLSMusic｜海賊王配樂｜ルフィ猛攻 Luffy's Fierce Attack / ONE PIECE - Piano Cover
JMt4m608s3k,2,Q2_JMt4m608s3k_1.mp3,SLSMusic｜海賊王配樂｜ルフィ猛攻 Luffy's Fierce Attack / ONE PIECE - Piano Cover
JMt4m608s3k,2,Q2_JMt4m608s3k_2.mp3,SLSMusic｜海賊王配樂｜ルフィ猛攻 Luffy's Fierce Attack / ONE PIECE - Piano Cover
XfA2KXodrOE,2,Q2_XfA2KXodrOE_0.mp3,Billie Eilish - No Time To Die (Piano Version)
XfA2KXodrOE,2,Q2_XfA2KXodrOE_1.mp3,Billie Eilish - No Time To Die (Piano Version)
EtAbPc20mn8,2,Q2_EtAbPc20mn8_0.mp3,Dark Piano - Anxiety
0v2N1ROvEI0,2,Q2_0v2N1ROvEI0_0.mp3,Star Wars - The Imperial March (Piano Version)
0v2N1ROvEI0,2,Q2_0v2N1ROvEI0_1.mp3,Star Wars - The Imperial March (Piano Version)
ivCNV47tsRw,2,Q2_ivCNV47tsRw_0.mp3,Black Panther - Main Theme (Piano Version)
ivCNV47tsRw,2,Q2_ivCNV47tsRw_1.mp3,Black Panther - Main Theme (Piano Version)
ivCNV47tsRw,2,Q2_ivCNV47tsRw_2.mp3,Black Panther - Main Theme (Piano Version)
ivCNV47tsRw,2,Q2_ivCNV47tsRw_3.mp3,Black Panther - Main Theme (Piano Version)
lFznCt5kvXM,2,Q2_lFznCt5kvXM_0.mp3,Oblivion - Main Theme (Piano Version)
k4lT-sXg3iI,2,Q2_k4lT-sXg3iI_0.mp3,Marcus Veltri - Sorrow (Official Music Video)
k4lT-sXg3iI,2,Q2_k4lT-sXg3iI_1.mp3,Marcus Veltri - Sorrow (Official Music Video)
k4lT-sXg3iI,2,Q2_k4lT-sXg3iI_2.mp3,Marcus Veltri - Sorrow (Official Music Video)
jIKX3ShvLxo,2,Q2_jIKX3ShvLxo_0.mp3,Overwatch - Main Theme (Piano Version)
jIKX3ShvLxo,2,Q2_jIKX3ShvLxo_1.mp3,Overwatch - Main Theme (Piano Version)
jIKX3ShvLxo,2,Q2_jIKX3ShvLxo_2.mp3,Overwatch - Main Theme (Piano Version)
o20YCzej5_s,2,Q2_o20YCzej5_s_0.mp3,El Choclo (Tango) - Eduardo Rojas - Piano on Fire
3_MxhSS86oU,2,Q2_3_MxhSS86oU_0.mp3,Two Steps From Hell - Blackheart (Piano Version)
3_MxhSS86oU,2,Q2_3_MxhSS86oU_1.mp3,Two Steps From Hell - Blackheart (Piano Version)
ufRISSD28XA,2,Q2_ufRISSD28XA_0.mp3,Risk of Rain - Coalescence
ufRISSD28XA,2,Q2_ufRISSD28XA_1.mp3,Risk of Rain - Coalescence
